index,Год,Неделя,A(H1N1)pdm09_15 и ст.,A(H3N2)_15 и ст.,B_15 и ст.,Население 15 и ст.,A(H1N1)pdm09_15 и ст._rel,A(H3N2)_15 и ст._rel,B_15 и ст._rel,A(H1N1)pdm09_0-14,A(H1N1)pdm09_0-14_rel,Население 0-14,A(H3N2)_0-14,A(H3N2)_0-14_rel,B_0-14,B_0-14_rel
0,2010.0,1.0,,,,4042163.0,,,,,,539691.0,,,,
1,2010.0,2.0,4084.0,0.0,0.0,4042163.0,1.01035015163911,0.0,0.0,4037.0,25.35280154039488,539691.0,0.0,0.0,0.0,0.0
2,2010.0,3.0,2189.0,0.0,0.0,4042163.0,0.5415417438633722,0.0,0.0,2464.0,15.08392116378955,539691.0,0.0,0.0,0.0,0.0
3,2010.0,4.0,5412.0,0.0,0.0,4042163.0,1.338887125531553,0.0,0.0,6455.0,38.53933493548667,539691.0,0.0,0.0,0.0,0.0
4,2010.0,5.0,,,,4042163.0,,,,,,539691.0,,,,
5,2010.0,6.0,2758.0,0.0,0.0,4042163.0,0.6823079623459024,0.0,0.0,3648.0,21.97183796512856,539691.0,0.0,0.0,0.0,0.0
6,2010.0,7.0,2403.0,0.0,0.0,4042163.0,0.5944836959815821,0.0,0.0,2942.0,17.965075506531274,539691.0,0.0,0.0,0.0,0.0
7,2010.0,8.0,4404.0,0.0,0.0,4042163.0,1.0895156875168073,0.0,0.0,5528.0,34.39964699561699,539691.0,0.0,0.0,0.0,0.0
8,2010.0,9.0,,,,4042163.0,,,,,,539691.0,,,,
9,2010.0,10.0,9602.0,0.0,0.0,4042163.0,2.37546086093015,0.0,0.0,12742.0,78.23561505377974,539691.0,0.0,0.0,0.0,0.0
10,2010.0,11.0,2742.0,0.0,0.0,4042163.0,0.6783496855520176,0.0,0.0,3752.0,23.027199509353977,539691.0,0.0,0.0,0.0,0.0
11,2010.0,12.0,933.0,0.0,0.0,4042163.0,0.2308170155434108,0.0,0.0,1271.0,8.03714062928181,539691.0,0.0,0.0,0.0,0.0
12,2010.0,13.0,1906.0,0.0,0.0,4042163.0,0.4715297230715337,0.0,0.0,2490.0,15.917900347846537,539691.0,0.0,0.0,0.0,0.0
13,2010.0,14.0,1052.0,0.0,1052.0,4042163.0,0.2602566991979294,0.0,0.2602566991979294,1478.0,9.311211357735596,539691.0,0.0,0.0,1478.0,9.311211357735596
14,2010.0,15.0,0.0,0.0,265.0,4042163.0,0.0,0.0,0.0655589593987179,0.0,0.0,539691.0,0.0,0.0,407.0,2.4867869502321334
15,2010.0,16.0,0.0,0.0,270.0,4042163.0,0.0,0.0,0.0667959208968069,0.0,0.0,539691.0,0.0,0.0,395.0,2.405637084247639
16,2010.0,17.0,,,,4042163.0,,,,,,539691.0,,,,
17,2010.0,18.0,,,,4042163.0,,,,,,539691.0,,,,
18,2010.0,19.0,,,,4042163.0,,,,,,539691.0,,,,
19,2010.0,20.0,,,,4042163.0,,,,,,539691.0,,,,
20,2010.0,21.0,,,,4042163.0,,,,,,539691.0,,,,
21,2010.0,22.0,,,,4042163.0,,,,,,539691.0,,,,
22,2010.0,23.0,,,,4042163.0,,,,,,539691.0,,,,
23,2010.0,24.0,0.0,0.0,248.0,4042163.0,0.0,0.0,0.0613532903052153,0.0,0.0,539691.0,0.0,0.0,191.0,1.2713564985836716
24,2010.0,25.0,,,,4042163.0,,,,,,539691.0,,,,
25,2010.0,26.0,,,,4042163.0,,,,,,539691.0,,,,
26,2010.0,27.0,,,,4042163.0,,,,,,539691.0,,,,
27,2010.0,28.0,,,,4042163.0,,,,,,539691.0,,,,
28,2010.0,29.0,,,,4042163.0,,,,,,539691.0,,,,
29,2010.0,30.0,,,,4042163.0,,,,,,539691.0,,,,
30,2010.0,31.0,,,,4042163.0,,,,,,539691.0,,,,
31,2010.0,32.0,,,,4042163.0,,,,,,539691.0,,,,
32,2010.0,33.0,,,,4042163.0,,,,,,539691.0,,,,
33,2010.0,34.0,,,,4042163.0,,,,,,539691.0,,,,
34,2010.0,35.0,,,,4042163.0,,,,,,539691.0,,,,
35,2010.0,36.0,,,,4042163.0,,,,,,539691.0,,,,
36,2010.0,37.0,,,,4042163.0,,,,,,539691.0,,,,
37,2010.0,38.0,,,,4042163.0,,,,,,539691.0,,,,
38,2010.0,39.0,,,,4042163.0,,,,,,539691.0,,,,
39,2010.0,40.0,,,,4042163.0,,,,,,539691.0,,,,
40,2010.0,41.0,,,,4042163.0,,,,,,539691.0,,,,
41,2010.0,42.0,,,,4042163.0,,,,,,539691.0,,,,
42,2010.0,43.0,,,,4042163.0,,,,,,539691.0,,,,
43,2010.0,44.0,,,,4042163.0,,,,,,539691.0,,,,
44,2010.0,45.0,,,,4042163.0,,,,,,539691.0,,,,
45,2010.0,46.0,,,,4042163.0,,,,,,539691.0,,,,
46,2010.0,47.0,,,,4042163.0,,,,,,539691.0,,,,
47,2010.0,48.0,,,,4042163.0,,,,,,539691.0,,,,
48,2010.0,49.0,,,,4042163.0,,,,,,539691.0,,,,
49,2010.0,50.0,7549.0,0.0,0.0,4042163.0,1.8675644698148,0.0,0.0,10701.0,64.09492045249878,539691.0,0.0,0.0,0.0,0.0
50,2010.0,51.0,0.0,0.0,1936.0,4042163.0,0.0,0.0,0.4789514920600678,0.0,0.0,539691.0,0.0,0.0,2620.0,15.785395145795835
51,2010.0,52.0,500.0,500.0,500.0,4042594.0,0.1236829619793627,0.1236829619793627,0.1236829619793627,651.0,3.84233393213548,557682.0,651.0,3.84233393213548,651.0,3.84233393213548
52,2011.0,1.0,560.0,140.0,420.0,4042594.0,0.1385249174168862,0.0346312293542215,0.1038936880626647,1509.0,9.215168194650284,557682.0,378.0,2.3082937170925275,1132.0,6.913924277343443
53,2011.0,2.0,2555.0,0.0,365.0,4042594.0,0.6320199357145437,0.0,0.0902885622449348,3080.0,18.59670480071241,557682.0,0.0,0.0,440.0,2.6572291409748217
54,2011.0,3.0,7233.0,0.0,1142.0,4042594.0,1.7891977279934617,0.0,0.2824918851608645,7576.0,44.10625230137255,557682.0,0.0,0.0,1196.0,6.963404236301001
55,2011.0,4.0,10386.0,0.0,2258.0,4042594.0,2.569142486235324,0.0,0.5585522562988022,12889.0,71.66142410046227,557682.0,0.0,0.0,2802.0,15.578774912964384
56,2011.0,5.0,9899.0,0.0,3677.0,4042594.0,2.448675281267424,0.0,0.9095645023962337,12010.0,65.79880513417521,557682.0,0.0,0.0,4461.0,24.441280531058773
57,2011.0,6.0,14590.0,218.0,2801.0,4042594.0,3.609068830557805,0.0539257714230021,0.6928719530083901,15052.0,82.64691660383133,557682.0,224.0,1.2287769208481123,2890.0,15.868609447955848
58,2011.0,7.0,11612.0,0.0,3977.0,4042594.0,2.8724131090087206,0.0,0.9837742795838512,10196.0,56.68316239708589,557682.0,0.0,0.0,3492.0,19.412994726373576
59,2011.0,8.0,3611.0,0.0,498.0,4042594.0,0.8932383514149578,0.0,0.1231882301314453,3237.0,18.23786714717118,557682.0,0.0,0.0,446.0,2.511759823176005
60,2011.0,9.0,11296.0,164.0,2783.0,4042594.0,2.794245477037763,0.0405680115292309,0.6884193663771331,10630.0,59.68660568417312,557682.0,154.0,0.864376454458218,2619.0,14.706144133407776
61,2011.0,10.0,2625.0,131.0,1050.0,4042594.0,0.6493355503916545,0.032404936038593,0.2597342201566618,3437.0,19.71770076433713,557682.0,172.0,0.9872567807484328,1375.0,7.887861720564544
62,2011.0,11.0,4825.0,0.0,3216.0,4042594.0,1.1935405831008503,0.0,0.7955288114512612,5266.0,30.705769841299794,557682.0,0.0,0.0,3512.0,20.478335104221003
63,2011.0,12.0,2060.0,187.0,1872.0,4042594.0,0.5095738033549746,0.0462574277802816,0.4630690096507341,2380.0,14.401671196630586,557682.0,217.0,1.3136532192874923,2163.0,13.088017977343092
64,2011.0,13.0,1045.0,0.0,1343.0,4042594.0,0.2584973905368681,0.0,0.3322124358765683,1177.0,7.20846488579394,557682.0,0.0,0.0,1513.0,9.267807896446143
65,2011.0,14.0,658.0,0.0,0.0,4042594.0,0.1627667779648413,0.0,0.0,806.0,4.847751315836983,557682.0,0.0,0.0,0.0,0.0
66,2011.0,15.0,0.0,0.0,1027.0,4042594.0,0.0,0.0,0.2540448039056111,0.0,0.0,557682.0,0.0,0.0,1321.0,7.829204506836541
67,2011.0,16.0,0.0,0.0,192.0,4042594.0,0.0,0.0,0.0474942574000753,0.0,0.0,557682.0,0.0,0.0,256.0,1.493518220091222
68,2011.0,17.0,202.0,0.0,1213.0,4042594.0,0.0499679166396625,0.0,0.300054865761934,270.0,1.5804009750160062,557682.0,0.0,0.0,1625.0,9.515268583861344
69,2011.0,18.0,385.0,0.0,0.0,4042594.0,0.0952358807241093,0.0,0.0,506.0,3.000550242464409,557682.0,0.0,0.0,0.0,0.0
70,2011.0,19.0,2144.0,0.0,0.0,4042594.0,0.5303525409675075,0.0,0.0,2789.0,16.704430487809148,557682.0,0.0,0.0,0.0,0.0
71,2011.0,20.0,1512.0,0.0,0.0,4042594.0,0.3740172770255929,0.0,0.0,1676.0,10.05824872961669,557682.0,0.0,0.0,0.0,0.0
72,2011.0,21.0,,,,4042594.0,,,,,,557682.0,,,,
73,2011.0,22.0,,,,4042594.0,,,,,,557682.0,,,,
74,2011.0,23.0,,,,4042594.0,,,,,,557682.0,,,,
75,2011.0,24.0,,,,4042594.0,,,,,,557682.0,,,,
76,2011.0,25.0,,,,4042594.0,,,,,,557682.0,,,,
77,2011.0,26.0,,,,4042594.0,,,,,,557682.0,,,,
78,2011.0,27.0,,,,4042594.0,,,,,,557682.0,,,,
79,2011.0,28.0,,,,4042594.0,,,,,,557682.0,,,,
80,2011.0,29.0,,,,4042594.0,,,,,,557682.0,,,,
81,2011.0,30.0,,,,4042594.0,,,,,,557682.0,,,,
82,2011.0,31.0,,,,4042594.0,,,,,,557682.0,,,,
83,2011.0,32.0,,,,4042594.0,,,,,,557682.0,,,,
84,2011.0,33.0,,,,4042594.0,,,,,,557682.0,,,,
85,2011.0,34.0,,,,4042594.0,,,,,,557682.0,,,,
86,2011.0,35.0,,,,4042594.0,,,,,,557682.0,,,,
87,2011.0,36.0,,,,4042594.0,,,,,,557682.0,,,,
88,2011.0,37.0,,,,4042594.0,,,,,,557682.0,,,,
89,2011.0,38.0,,,,4042594.0,,,,,,557682.0,,,,
90,2011.0,39.0,,,,4042594.0,,,,,,557682.0,,,,
91,2011.0,40.0,,,,4042594.0,,,,,,557682.0,,,,
92,2011.0,41.0,,,,4042594.0,,,,,,557682.0,,,,
93,2011.0,42.0,,,,4042594.0,,,,,,557682.0,,,,
94,2011.0,43.0,,,,4042594.0,,,,,,557682.0,,,,
95,2011.0,44.0,,,,4042594.0,,,,,,557682.0,,,,
96,2011.0,45.0,,,,4042594.0,,,,,,557682.0,,,,
97,2011.0,46.0,0.0,0.0,144.0,4042594.0,0.0,0.0,0.0356206930500564,0.0,0.0,557682.0,0.0,0.0,206.0,1.2416733736922312
98,2011.0,47.0,0.0,0.0,124.0,4042594.0,0.0,0.0,0.0306733745708819,0.0,0.0,557682.0,0.0,0.0,193.0,1.1414711437815153
99,2011.0,48.0,,,,4042594.0,,,,,,557682.0,,,,
100,2011.0,49.0,0.0,0.0,138.0,4042594.0,0.0,0.0,0.0341364975063041,0.0,0.0,557682.0,0.0,0.0,229.0,1.3307406573856138
101,2011.0,50.0,,,,4042594.0,,,,,,557682.0,,,,
102,2011.0,51.0,,,,4042594.0,,,,,,557682.0,,,,
103,2011.0,52.0,,,,4343384.0,,,,,,555960.0,,,,
104,2012.0,1.0,,,,4343384.0,,,,,,555960.0,,,,
105,2012.0,2.0,,,,4343384.0,,,,,,555960.0,,,,
106,2012.0,3.0,,,,4343384.0,,,,,,555960.0,,,,
107,2012.0,4.0,0.0,180.0,0.0,4343384.0,0.0,0.0414423408107595,0.0,0.0,0.0,555960.0,201.0,1.2111540645452286,0.0,0.0
108,2012.0,5.0,0.0,1401.0,311.0,4343384.0,0.0,0.3225595526437451,0.0716031555119234,0.0,0.0,555960.0,1666.0,9.812886942032751,370.0,2.1796309909497738
109,2012.0,6.0,0.0,353.0,353.0,4343384.0,0.0,0.0812730350344339,0.0812730350344339,0.0,0.0,555960.0,429.0,2.5053839636185167,429.0,2.5053839636185167
110,2012.0,7.0,799.0,2796.0,0.0,4343384.0,0.183957946154427,0.6437376939271314,0.0,891.0,5.209211573422311,555960.0,3119.0,18.231711124814414,0.0,0.0
111,2012.0,8.0,436.0,3485.0,0.0,4343384.0,0.1003825588527286,0.8023697651416499,0.0,545.0,3.229780035707241,555960.0,4363.0,25.85032229847614,0.0,0.0
112,2012.0,9.0,377.0,5084.0,728.0,4343384.0,0.0867986804758685,1.1705158926772306,0.1676112450568496,435.0,2.5760457175833644,555960.0,5893.0,34.91551524042508,843.0,4.995988861550168
113,2012.0,10.0,464.0,4631.0,566.0,4343384.0,0.106829145201069,1.0662193349701523,0.1303131383271661,650.0,3.875804010659572,555960.0,6505.0,38.75427761502328,795.0,4.736874810702101
114,2012.0,11.0,0.0,6514.0,501.0,4343384.0,0.0,1.4997522668960424,0.1153478485899473,0.0,0.0,555960.0,7922.0,47.080250724794766,610.0,3.626396892125
115,2012.0,12.0,237.0,8522.0,473.0,4343384.0,0.0545657487341667,1.9620646021627377,0.108901262241607,309.0,1.8265477950436213,555960.0,11131.0,65.87228380989221,618.0,3.657141401715261
116,2012.0,13.0,0.0,6261.0,2649.0,4343384.0,0.0,1.4415027545342525,0.6098931155983445,0.0,0.0,555960.0,7847.0,48.406717252964384,3320.0,20.48043641566672
117,2012.0,14.0,233.0,3724.0,1396.0,4343384.0,0.0536448078272609,0.8573959843292696,0.3214083765101128,285.0,1.7598019147459598,555960.0,4557.0,28.15263811658901,1709.0,10.557413982026976
118,2012.0,15.0,514.0,4626.0,2570.0,4343384.0,0.1183409065373911,1.06506815883652,0.5917045326869557,604.0,3.622664054412841,555960.0,5436.0,32.60172234872361,3020.0,18.11219320156823
119,2012.0,16.0,0.0,11233.0,2808.0,4343384.0,0.0,2.586232301818121,0.6465005166478488,0.0,0.0,555960.0,14416.0,84.5364588504369,3604.0,21.133385027326213
120,2012.0,17.0,0.0,5569.0,1392.0,4343384.0,0.0,1.2821799776395548,0.3204874356032071,0.0,0.0,555960.0,6848.0,39.73153357749624,1713.0,9.93928763291182
121,2012.0,18.0,251.0,3517.0,1256.0,4343384.0,0.0577890419083369,0.8097372923968961,0.289175444768411,307.0,1.8293881346259668,555960.0,4306.0,25.651194958321646,1539.0,9.16738474515688
122,2012.0,19.0,378.0,189.0,378.0,4343384.0,0.087028915702595,0.0435144578512975,0.087028915702595,442.0,2.670125706773141,555960.0,221.0,1.333603482820552,442.0,2.670125706773141
123,2012.0,20.0,194.0,0.0,582.0,4343384.0,0.0446656339849297,0.0,0.1339969019547891,201.0,1.233174793321377,555960.0,0.0,0.0,602.0,3.6958727325233887
124,2012.0,21.0,,,,4343384.0,,,,,,555960.0,,,,
125,2012.0,22.0,0.0,224.0,0.0,4343384.0,0.0,0.0515726907867229,0.0,0.0,0.0,555960.0,206.0,1.320413957985575,0.0,0.0
126,2012.0,23.0,,,,4343384.0,,,,,,555960.0,,,,
127,2012.0,24.0,,,,4343384.0,,,,,,555960.0,,,,
128,2012.0,25.0,,,,4343384.0,,,,,,555960.0,,,,
129,2012.0,26.0,,,,4343384.0,,,,,,555960.0,,,,
130,2012.0,27.0,,,,4343384.0,,,,,,555960.0,,,,
131,2012.0,28.0,,,,4343384.0,,,,,,555960.0,,,,
132,2012.0,29.0,,,,4343384.0,,,,,,555960.0,,,,
133,2012.0,30.0,,,,4343384.0,,,,,,555960.0,,,,
134,2012.0,31.0,,,,4343384.0,,,,,,555960.0,,,,
135,2012.0,32.0,,,,4343384.0,,,,,,555960.0,,,,
136,2012.0,33.0,,,,4343384.0,,,,,,555960.0,,,,
137,2012.0,34.0,,,,4343384.0,,,,,,555960.0,,,,
138,2012.0,35.0,,,,4343384.0,,,,,,555960.0,,,,
139,2012.0,36.0,,,,4343384.0,,,,,,555960.0,,,,
140,2012.0,37.0,,,,4343384.0,,,,,,555960.0,,,,
141,2012.0,38.0,,,,4343384.0,,,,,,555960.0,,,,
142,2012.0,39.0,,,,4343384.0,,,,,,555960.0,,,,
143,2012.0,40.0,,,,4343384.0,,,,,,555960.0,,,,
144,2012.0,41.0,,,,4343384.0,,,,,,555960.0,,,,
145,2012.0,42.0,,,,4343384.0,,,,,,555960.0,,,,
146,2012.0,43.0,,,,4343384.0,,,,,,555960.0,,,,
147,2012.0,44.0,245.0,0.0,0.0,4343384.0,0.0564076305479782,0.0,0.0,388.0,2.391818382628487,555960.0,0.0,0.0,0.0,0.0
148,2012.0,45.0,,,,4343384.0,,,,,,555960.0,,,,
149,2012.0,46.0,,,,4343384.0,,,,,,555960.0,,,,
150,2012.0,47.0,,,,4343384.0,,,,,,555960.0,,,,
151,2012.0,48.0,,,,4343384.0,,,,,,555960.0,,,,
152,2012.0,49.0,,,,4343384.0,,,,,,555960.0,,,,
153,2012.0,50.0,,,,4343384.0,,,,,,555960.0,,,,
154,2012.0,51.0,,,,4343384.0,,,,,,555960.0,,,,
155,2012.0,52.0,0.0,0.0,411.0,4343384.0,0.0,0.0,0.0946266781845676,0.0,0.0,555960.0,0.0,0.0,504.0,3.114278865084556
156,2013.0,1.0,,,,4374156.0,,,,,,579063.0,,,,
157,2013.0,2.0,318.0,159.0,318.0,4374156.0,0.0726997391039551,0.0363498695519775,0.0726997391039551,385.0,2.355146332538945,579063.0,192.0,1.1760719644622242,385.0,2.355146332538945
158,2013.0,3.0,1465.0,1046.0,0.0,4374156.0,0.3349217540480952,0.2391318462350222,0.0,1628.0,9.50573144108278,579063.0,1163.0,6.792017335552783,0.0,0.0
159,2013.0,4.0,2181.0,727.0,242.0,4374156.0,0.498610474797881,0.1662034915992936,0.0553249586891734,2594.0,14.933691573068058,579063.0,865.0,4.981166199064125,288.0,1.6580625782018152
160,2013.0,5.0,4715.0,1275.0,687.0,4374156.0,1.0779222323117876,0.2914848030111409,0.1570588703283559,5988.0,34.00356289622904,579063.0,1620.0,9.198878334921202,873.0,4.956979333822069
161,2013.0,6.0,7867.0,3442.0,1616.0,4374156.0,1.7985183884616829,0.7868946603641936,0.3694426993458852,9749.0,54.94001725763592,579063.0,4265.0,24.034736443738776,2002.0,11.283079760269215
162,2013.0,7.0,9580.0,2128.0,1561.0,4374156.0,2.190136794389592,0.4864938516138885,0.3568688450983458,11306.0,63.40390547663368,579063.0,2513.0,14.09243584380075,1843.0,10.335495484614183
163,2013.0,8.0,13031.0,2057.0,1855.0,4374156.0,2.9790889945397465,0.4702621488579739,0.4240818114397383,14710.0,82.48004296139845,579063.0,2322.0,13.02159636372326,2094.0,11.74067940627117
164,2013.0,9.0,10382.0,1843.0,2998.0,4374156.0,2.373486450871894,0.421338425058457,0.6853893642567847,12160.0,68.20437533807673,579063.0,2158.0,12.102122795411768,3511.0,19.69204719611101
165,2013.0,10.0,3775.0,889.0,1969.0,4374156.0,0.8630236324447504,0.2032392077465915,0.4501439820619109,4610.0,25.703764196983467,579063.0,1085.0,6.049336191654479,2405.0,13.410279539518712
166,2013.0,11.0,5141.0,2571.0,3683.0,4374156.0,1.1753124488472748,0.5877705321895241,0.8419910035215936,5852.0,32.33622749652078,579063.0,2926.0,16.16811374826039,4192.0,23.1633624362364
167,2013.0,12.0,1953.0,1953.0,3363.0,4374156.0,0.4464861335535358,0.4464861335535358,0.7688340333540916,2289.0,12.795484063834609,579063.0,2290.0,12.798486467449106,3942.0,22.033709374150863
168,2013.0,13.0,3173.0,1240.0,3862.0,4374156.0,0.7253970823171373,0.2834832593990704,0.8829131837090402,3634.0,20.99596228411745,579063.0,1421.0,8.211344120099106,4424.0,25.560936518450603
169,2013.0,14.0,286.0,1431.0,4437.0,4374156.0,0.0653840420872049,0.3271488259677981,1.0143671144787705,318.0,1.8474156278991376,579063.0,1588.0,9.228778329909604,4924.0,28.618148672675247
170,2013.0,15.0,3113.0,1373.0,4658.0,4374156.0,0.7116801504107306,0.3138891251249384,1.0648911470007014,3805.0,21.83298366456106,579063.0,1680.0,9.638826018904249,5696.0,32.6851273989435
171,2013.0,16.0,129.0,650.0,5066.0,4374156.0,0.0294914035987742,0.1486000956527385,1.1581662839642666,168.0,0.9485349273247592,579063.0,840.0,4.758538686719807,6556.0,37.1210436928184
172,2013.0,17.0,1291.0,388.0,4093.0,4374156.0,0.295142651519516,0.0887028263280962,0.9357233715487056,1601.0,9.067555591226991,579063.0,480.0,2.718455993997057,5075.0,28.74911411382463
173,2013.0,18.0,0.0,222.0,1773.0,4374156.0,0.0,0.0507526480537045,0.4053353378343159,0.0,0.0,579063.0,344.0,2.0079082849868155,2750.0,16.058942531152624
174,2013.0,19.0,0.0,643.0,964.0,4374156.0,0.0,0.1469997869303244,0.2203853726295998,0.0,0.0,579063.0,878.0,5.141120136584466,1317.0,7.711393329582065
175,2013.0,20.0,0.0,1303.0,1466.0,4374156.0,0.0,0.2978860379007973,0.3351503695798686,0.0,0.0,579063.0,1432.0,8.483708927502496,1609.0,9.53362294893795
176,2013.0,21.0,0.0,165.0,494.0,4374156.0,0.0,0.0377215627426182,0.1129360726960812,0.0,0.0,579063.0,175.0,1.0472713311806463,527.0,3.151794861615116
177,2013.0,22.0,,,,4374156.0,,,,,,579063.0,,,,
178,2013.0,23.0,,,,4374156.0,,,,,,579063.0,,,,
179,2013.0,24.0,0.0,0.0,143.0,4374156.0,0.0,0.0,0.0326920210436024,0.0,0.0,579063.0,0.0,0.0,126.0,0.7905049089202559
180,2013.0,25.0,,,,4374156.0,,,,,,579063.0,,,,
181,2013.0,26.0,,,,4374156.0,,,,,,579063.0,,,,
182,2013.0,27.0,,,,4374156.0,,,,,,579063.0,,,,
183,2013.0,28.0,,,,4374156.0,,,,,,579063.0,,,,
184,2013.0,29.0,,,,4374156.0,,,,,,579063.0,,,,
185,2013.0,30.0,,,,4374156.0,,,,,,579063.0,,,,
186,2013.0,31.0,,,,4374156.0,,,,,,579063.0,,,,
187,2013.0,32.0,,,,4374156.0,,,,,,579063.0,,,,
188,2013.0,33.0,,,,4374156.0,,,,,,579063.0,,,,
189,2013.0,34.0,,,,4374156.0,,,,,,579063.0,,,,
190,2013.0,35.0,,,,4374156.0,,,,,,579063.0,,,,
191,2013.0,36.0,,,,4374156.0,,,,,,579063.0,,,,
192,2013.0,37.0,0.0,243.0,0.0,4374156.0,0.0,0.0555535742209468,0.0,0.0,0.0,579063.0,345.0,1.9871347100976573,0.0,0.0
193,2013.0,38.0,,,,4374156.0,,,,,,579063.0,,,,
194,2013.0,39.0,,,,4374156.0,,,,,,579063.0,,,,
195,2013.0,40.0,,,,4374156.0,,,,,,579063.0,,,,
196,2013.0,41.0,,,,4374156.0,,,,,,579063.0,,,,
197,2013.0,42.0,,,,4374156.0,,,,,,579063.0,,,,
198,2013.0,43.0,,,,4374156.0,,,,,,579063.0,,,,
199,2013.0,44.0,,,,4374156.0,,,,,,579063.0,,,,
200,2013.0,45.0,,,,4374156.0,,,,,,579063.0,,,,
201,2013.0,46.0,0.0,237.0,0.0,4374156.0,0.0,0.0541818810303061,0.0,0.0,0.0,579063.0,349.0,2.0829339999077066,0.0,0.0
202,2013.0,47.0,,,,4374156.0,,,,,,579063.0,,,,
203,2013.0,48.0,,,,4374156.0,,,,,,579063.0,,,,
204,2013.0,49.0,0.0,264.0,0.0,4374156.0,0.0,0.0603545003881891,0.0,0.0,0.0,579063.0,400.0,2.2947509621348705,0.0,0.0
205,2013.0,50.0,0.0,910.0,0.0,4374156.0,0.0,0.2080401339138338,0.0,0.0,0.0,579063.0,1363.0,7.843313219209085,0.0,0.0
206,2013.0,51.0,,,,4374156.0,,,,,,579063.0,,,,
207,2013.0,52.0,0.0,174.0,0.0,4374156.0,0.0,0.0397791025285792,0.0,0.0,0.0,579063.0,243.0,1.4240864517534175,0.0,0.0
208,2014.0,1.0,0.0,310.0,0.0,4419241.0,0.0,0.0701477923471474,0.0,0.0,0.0,608759.0,527.0,2.975967273256209,0.0,0.0
209,2014.0,2.0,0.0,160.0,0.0,4419241.0,0.0,0.0362053121791728,0.0,0.0,0.0,608759.0,282.0,1.5746666535226133,0.0,0.0
210,2014.0,3.0,174.0,348.0,174.0,4419241.0,0.0393732769948504,0.0787465539897009,0.0393732769948504,226.0,1.2302118159263942,608759.0,450.0,2.450704253144456,226.0,1.2302118159263942
211,2014.0,4.0,458.0,3208.0,126.0,4419241.0,0.1036377061128822,0.7259165091924156,0.0285116833410986,564.0,3.050797977718166,608759.0,3956.0,21.39441038341941,156.0,0.8448156026592927
212,2014.0,5.0,150.0,896.0,0.0,4419241.0,0.0339424801679745,0.2027497482033679,0.0,202.0,1.0864849961389758,608759.0,1203.0,6.471296694169077,0.0,0.0
213,2014.0,6.0,673.0,1482.0,103.0,4419241.0,0.1522885943536458,0.3353517040595885,0.0233071697153425,963.0,5.159793454566575,608759.0,2115.0,11.328118584546411,146.0,0.7827510346355333
214,2014.0,7.0,382.0,2865.0,477.0,4419241.0,0.0864401828277751,0.6483013712083139,0.107937086934159,599.0,3.218464936211862,608759.0,4489.0,24.119540069610743,748.0,4.019777068269337
215,2014.0,8.0,259.0,3638.0,251.0,4419241.0,0.058607349090036,0.8232182856739426,0.0567970834810774,391.0,2.119120749473218,608759.0,5474.0,29.691953496869264,378.0,2.049396364671787
216,2014.0,9.0,662.0,4157.0,0.0,4419241.0,0.1497994791413276,0.9406592670551346,0.0,995.0,5.370998949491016,608759.0,6259.0,33.78100467839627,0.0,0.0
217,2014.0,10.0,504.0,3531.0,0.0,4419241.0,0.1140467333643944,0.7990059831541209,0.0,727.0,3.9466043307284577,608759.0,5087.0,27.616722838155184,0.0,0.0
218,2014.0,11.0,628.0,2890.0,0.0,4419241.0,0.1421058503032534,0.6539584512363096,0.0,987.0,5.349797741651061,608759.0,4535.0,24.581671946265445,0.0,0.0
219,2014.0,12.0,101.0,2626.0,101.0,4419241.0,0.0228546033131028,0.5942196861406743,0.0228546033131028,137.0,0.7459860571739458,608759.0,3577.0,19.48325721051556,137.0,0.7459860571739458
220,2014.0,13.0,176.0,4056.0,0.0,4419241.0,0.0398258433970901,0.9178046637420316,0.0,220.0,1.2303964962801976,608759.0,5059.0,28.27376684844129,0.0,0.0
221,2014.0,14.0,247.0,3341.0,0.0,4419241.0,0.055891950676598,0.7560121749413531,0.0,285.0,1.5952643903715988,608759.0,3846.0,21.533469583105592,0.0,0.0
222,2014.0,15.0,141.0,2814.0,141.0,4419241.0,0.031905931357896,0.6367609279512024,0.031905931357896,175.0,0.9651828322277862,608759.0,3507.0,19.347107139716467,175.0,0.9651828322277862
223,2014.0,16.0,488.0,3251.0,975.0,4419241.0,0.1104262021464771,0.7356466868405683,0.2206261210918345,622.0,3.3855771002487725,608759.0,4141.0,22.541648418865066,1242.0,6.761434821789214
224,2014.0,17.0,769.0,10767.0,769.0,4419241.0,0.1740117816611495,2.436391226457213,0.1740117816611495,1030.0,5.600212214760557,608759.0,14413.0,78.372882235087,1030.0,5.600212214760557
225,2014.0,18.0,0.0,1323.0,1075.0,4419241.0,0.0,0.2993726750815355,0.2432544412038176,0.0,0.0,608759.0,2105.0,11.494557106523692,1711.0,9.342930806176726
226,2014.0,19.0,0.0,1052.0,1315.0,4419241.0,0.0,0.2380499275780614,0.2975624094725768,0.0,0.0,608759.0,1398.0,7.626281223515394,1748.0,9.535268130211058
227,2014.0,20.0,205.0,1124.0,1234.0,4419241.0,0.0463880562295652,0.2543423180586893,0.2792334701818706,258.0,1.406623854049902,608759.0,1424.0,7.760756131765831,1563.0,8.519292838691333
228,2014.0,21.0,1140.0,570.0,1175.0,4419241.0,0.2579628492766065,0.1289814246383032,0.2658827613158006,1360.0,7.444126446453848,608759.0,680.0,3.7233993955869193,1403.0,7.68075539243477
229,2014.0,22.0,0.0,503.0,252.0,4419241.0,0.0,0.1138204501632746,0.0570233666821972,0.0,0.0,608759.0,514.0,2.8898909674883737,256.0,1.4400857943900212
230,2014.0,23.0,0.0,0.0,245.0,4419241.0,0.0,0.0,0.0554393842743584,0.0,0.0,608759.0,0.0,0.0,252.0,1.4532449280240105
231,2014.0,24.0,0.0,190.0,0.0,4419241.0,0.0,0.0429938082127677,0.0,0.0,0.0,608759.0,212.0,1.2297264391428948,0.0,0.0
232,2014.0,25.0,0.0,167.0,167.0,4419241.0,0.0,0.0377892945870116,0.0377892945870116,0.0,0.0,608759.0,146.0,0.8454333983400859,146.0,0.8454333983400859
233,2014.0,26.0,0.0,249.0,0.0,4419241.0,0.0,0.0563445170788377,0.0,0.0,0.0,608759.0,178.0,1.0220043627868298,0.0,0.0
234,2014.0,27.0,,,,4419241.0,,,,,,608759.0,,,,
235,2014.0,28.0,,,,4419241.0,,,,,,608759.0,,,,
236,2014.0,29.0,,,,4419241.0,,,,,,608759.0,,,,
237,2014.0,30.0,,,,4419241.0,,,,,,608759.0,,,,
238,2014.0,31.0,,,,4419241.0,,,,,,608759.0,,,,
239,2014.0,32.0,,,,4419241.0,,,,,,608759.0,,,,
240,2014.0,33.0,,,,4419241.0,,,,,,608759.0,,,,
241,2014.0,34.0,,,,4419241.0,,,,,,608759.0,,,,
242,2014.0,35.0,,,,4419241.0,,,,,,608759.0,,,,
243,2014.0,36.0,,,,4419241.0,,,,,,608759.0,,,,
244,2014.0,37.0,,,,4419241.0,,,,,,608759.0,,,,
245,2014.0,38.0,,,,4419241.0,,,,,,608759.0,,,,
246,2014.0,39.0,,,,4419241.0,,,,,,608759.0,,,,
247,2014.0,40.0,,,,4419241.0,,,,,,608759.0,,,,
248,2014.0,41.0,,,,4419241.0,,,,,,608759.0,,,,
249,2014.0,42.0,,,,4419241.0,,,,,,608759.0,,,,
250,2014.0,43.0,,,,4419241.0,,,,,,608759.0,,,,
251,2014.0,44.0,,,,4419241.0,,,,,,608759.0,,,,
252,2014.0,45.0,,,,4419241.0,,,,,,608759.0,,,,
253,2014.0,46.0,,,,4419241.0,,,,,,608759.0,,,,
254,2014.0,47.0,,,,4419241.0,,,,,,608759.0,,,,
255,2014.0,48.0,,,,4419241.0,,,,,,608759.0,,,,
256,2014.0,49.0,0.0,0.0,194.0,4419241.0,0.0,0.0,0.043898941017247,0.0,0.0,608759.0,0.0,0.0,362.0,1.9481729623771
257,2014.0,50.0,,,,4419241.0,,,,,,608759.0,,,,
258,2014.0,51.0,0.0,295.0,0.0,4419241.0,0.0,0.0667535443303499,0.0,0.0,0.0,608759.0,520.0,2.810883904227927,0.0,0.0
259,2014.0,52.0,0.0,898.0,599.0,4419241.0,0.0,0.2032023146056076,0.1355436374707783,0.0,0.0,608759.0,1454.0,7.958987173410085,968.0,5.299547180095221
260,2015.0,1.0,0.0,338.0,0.0,4489587.0,0.0,0.0752853213447027,0.0,0.0,0.0,642355.0,685.0,3.586073062358132,0.0,0.0
261,2015.0,2.0,0.0,124.0,0.0,4489587.0,0.0,0.0276194670021986,0.0,0.0,0.0,642355.0,315.0,1.655325188341747,0.0,0.0
262,2015.0,3.0,0.0,2999.0,1636.0,4489587.0,0.0,0.667990173706401,0.3643987743193305,0.0,0.0,642355.0,4288.0,22.10272479642817,2338.0,12.05192663224774
263,2015.0,4.0,111.0,4435.0,1220.0,4489587.0,0.02472387771971,0.9878414206028304,0.2717399172796963,154.0,0.7768356098821316,642355.0,6178.0,31.15155302330792,1700.0,8.572064321845524
264,2015.0,5.0,348.0,6349.0,1276.0,4489587.0,0.0775126977158478,1.4141612580399934,0.2842132249581086,533.0,2.6237217145049154,642355.0,9725.0,47.87061998289909,1954.0,9.618221094028211
265,2015.0,6.0,263.0,5869.0,1448.0,4489587.0,0.0585799985611148,1.307247192225031,0.3225240985418035,433.0,2.1073562440604774,642355.0,9659.0,47.026589686111976,2383.0,11.601993784666597
266,2015.0,7.0,171.0,6908.0,2644.0,4489587.0,0.0380881359465803,1.5386715971870015,0.5889183125307517,251.0,1.2269744025148857,642355.0,10190.0,49.82231283159332,3900.0,19.069017581639272
267,2015.0,8.0,308.0,7398.0,5083.0,4489587.0,0.0686031922312676,1.6478130393731094,1.13217540945303,393.0,1.9454544985794875,642355.0,9418.0,46.549567107303766,6472.0,31.988861895818367
268,2015.0,9.0,93.0,5296.0,4715.0,4489587.0,0.0207146002516489,1.1796185261584196,1.050207958994892,110.0,0.548794837509453,642355.0,6312.0,31.471903241436923,5620.0,28.021158744295384
269,2015.0,10.0,471.0,5450.0,4175.0,4489587.0,0.1049094270809319,1.2139201222740532,0.9299296349530592,527.0,2.6276485730014807,642355.0,6132.0,30.57535800347691,4697.0,23.419586880898347
270,2015.0,11.0,301.0,1807.0,2269.0,4489587.0,0.067044028771466,0.4024869102659109,0.5053916986128123,362.0,1.8330383801219985,642355.0,2181.0,11.04245708518734,2740.0,13.869941853347838
271,2015.0,12.0,355.0,2477.0,2718.0,4489587.0,0.0790718611756493,0.5517211271326293,0.605400897677225,403.0,2.0511925953921173,642355.0,2830.0,14.406817124459792,3104.0,15.801022968635934
272,2015.0,13.0,327.0,1229.0,2335.0,4489587.0,0.0728352073364431,0.2737445560137269,0.5200923826623696,355.0,1.864714614738856,642355.0,1327.0,6.969277950733064,2523.0,13.252049386272786
273,2015.0,14.0,273.0,751.0,1434.0,4489587.0,0.0608073749322599,0.1672759654729934,0.3194057716222004,307.0,1.6240175895062816,642355.0,842.0,4.453747064326652,1608.0,8.506174480500626
274,2015.0,15.0,467.0,373.0,2438.0,4489587.0,0.1040184765324739,0.0830811386437104,0.5430343592851636,533.0,2.790989135776238,642355.0,428.0,2.241948707915067,2786.0,14.593439023553316
275,2015.0,16.0,430.0,492.0,2029.0,4489587.0,0.0957771839592372,0.1095869174603365,0.451934665705331,521.0,2.684690070256079,642355.0,596.0,3.0708817011463143,2456.0,12.65660639642184
276,2015.0,17.0,351.0,176.0,645.0,4489587.0,0.0781809106271913,0.0392018241321529,0.1436657759388558,438.0,2.2398972506038413,642355.0,220.0,1.124427394158933,803.0,4.105049619435043
277,2015.0,18.0,0.0,823.0,1646.0,4489587.0,0.0,0.1833130753452377,0.3666261506904755,0.0,0.0,642355.0,994.0,5.111819434976602,1991.0,10.238503849862909
278,2015.0,19.0,139.0,232.0,463.0,4489587.0,0.0309605315589162,0.0516751318105652,0.1031275259840159,176.0,0.915476306954556,642355.0,295.0,1.534687133024613,590.0,3.0668850546456548
279,2015.0,20.0,0.0,0.0,612.0,4489587.0,0.0,0.0,0.1363154339140771,0.0,0.0,642355.0,0.0,0.0,749.0,3.87814856280057
280,2015.0,21.0,110.0,110.0,331.0,4489587.0,0.0245011400825955,0.0245011400825955,0.0737261578849012,122.0,0.6333395354322393,642355.0,122.0,0.6333395354322393,365.0,1.8944792993748
281,2015.0,22.0,0.0,268.0,1073.0,4489587.0,0.0,0.0596936867466873,0.238997484623864,0.0,0.0,642355.0,245.0,1.297390891583122,983.0,5.20267560538614
282,2015.0,23.0,0.0,227.0,0.0,4489587.0,0.0,0.0505614436249926,0.0,0.0,0.0,642355.0,212.0,1.138118264836015,0.0,0.0
283,2015.0,24.0,,,,4489587.0,,,,,,642355.0,,,,
284,2015.0,25.0,0.0,279.0,279.0,4489587.0,0.0,0.0621438007549469,0.0621438007549469,0.0,0.0,642355.0,230.0,1.2396664657993386,230.0,1.2396664657993386
285,2015.0,26.0,0.0,230.0,0.0,4489587.0,0.0,0.0512296565363361,0.0,0.0,0.0,642355.0,169.0,0.9060280890447286,0.0,0.0
286,2015.0,27.0,,,,4489587.0,,,,,,642355.0,,,,
287,2015.0,28.0,,,,4489587.0,,,,,,642355.0,,,,
288,2015.0,29.0,,,,4489587.0,,,,,,642355.0,,,,
289,2015.0,30.0,,,,4489587.0,,,,,,642355.0,,,,
290,2015.0,31.0,,,,4489587.0,,,,,,642355.0,,,,
291,2015.0,32.0,,,,4489587.0,,,,,,642355.0,,,,
292,2015.0,33.0,,,,4489587.0,,,,,,642355.0,,,,
293,2015.0,34.0,,,,4489587.0,,,,,,642355.0,,,,
294,2015.0,35.0,,,,4489587.0,,,,,,642355.0,,,,
295,2015.0,36.0,,,,4489587.0,,,,,,642355.0,,,,
296,2015.0,37.0,,,,4489587.0,,,,,,642355.0,,,,
297,2015.0,38.0,,,,4489587.0,,,,,,642355.0,,,,
298,2015.0,39.0,,,,4489587.0,,,,,,642355.0,,,,
299,2015.0,40.0,,,,4489587.0,,,,,,642355.0,,,,
300,2015.0,41.0,,,,4489587.0,,,,,,642355.0,,,,
301,2015.0,42.0,,,,4489587.0,,,,,,642355.0,,,,
302,2015.0,43.0,,,,4489587.0,,,,,,642355.0,,,,
303,2015.0,44.0,,,,4489587.0,,,,,,642355.0,,,,
304,2015.0,45.0,,,,4489587.0,,,,,,642355.0,,,,
305,2015.0,46.0,,,,4489587.0,,,,,,642355.0,,,,
306,2015.0,47.0,0.0,406.0,0.0,4489587.0,0.0,0.0904314806684891,0.0,0.0,0.0,642355.0,624.0,3.231136188792658,0.0,0.0
307,2015.0,48.0,123.0,369.0,0.0,4489587.0,0.0273967293650841,0.0821901880952524,0.0,186.0,0.9557414435040458,642355.0,560.0,2.878302944355973,0.0,0.0
308,2015.0,49.0,756.0,756.0,0.0,4489587.0,0.1683896536585659,0.1683896536585659,0.0,1215.0,6.167636207026808,642355.0,1215.0,6.169757283156619,0.0,0.0
309,2015.0,50.0,,,,4489587.0,,,,,,642355.0,,,,
310,2015.0,51.0,2455.0,246.0,0.0,4489587.0,0.5468208991161102,0.0547934587301682,0.0,3874.0,19.75554747238137,642355.0,389.0,1.9824070027655216,0.0,0.0
311,2015.0,52.0,2050.0,0.0,0.0,4489587.0,0.4566121560847356,0.0,0.0,3142.0,16.105387587679772,642355.0,0.0,0.0,0.0,0.0
312,2015.0,53.0,2823.0,0.0,0.0,4512720.0,0.6255650694038185,0.0,0.0,4663.0,22.79130793110033,678970.0,0.0,0.0,0.0,0.0
313,2016.0,1.0,1190.0,0.0,0.0,4512720.0,0.2636990551153185,0.0,0.0,2862.0,14.039735421493925,678970.0,0.0,0.0,0.0,0.0
314,2016.0,2.0,6886.0,0.0,738.0,4512720.0,1.5259089861546915,0.0,0.1635377333404244,9443.0,45.6447253215232,678970.0,0.0,0.0,1011.0,4.887182982648847
315,2016.0,3.0,15903.0,107.0,137.0,4512720.0,3.5240387172259746,0.0237107553759151,0.0303586307149568,21772.0,103.26963606356244,678970.0,147.0,0.6973114641407433,187.0,0.8877681658571683
316,2016.0,4.0,27551.0,89.0,1063.0,4512720.0,6.105187115531209,0.0197220301724902,0.2355563828467088,34726.0,162.86803090590507,678970.0,112.0,0.525458259730547,1340.0,6.2840643828519935
317,2016.0,5.0,18139.0,0.0,1959.0,4512720.0,4.019527025829212,0.0,0.4341062596394192,18609.0,87.31705750761347,678970.0,0.0,0.0,2010.0,9.431702611589523
318,2016.0,6.0,10136.0,179.0,1370.0,4512720.0,2.246095481217536,0.0396656561896151,0.3035863071495683,9838.0,46.42949666754687,678970.0,173.0,0.8170520736904417,1330.0,6.276975500925958
319,2016.0,7.0,6089.0,0.0,1015.0,4512720.0,1.3492970979808188,0.0,0.2249197823042422,6689.0,31.63753225205845,678970.0,0.0,0.0,1114.0,5.269138965784789
320,2016.0,8.0,3478.0,120.0,189.0,4512720.0,0.770710347639561,0.0265915013561665,0.0418816146359623,5034.0,23.889214521611507,678970.0,174.0,0.8260846842310142,273.0,1.2958966441552562
321,2016.0,9.0,4826.0,0.0,3413.0,4512720.0,1.0694215462071657,0.0,0.7563066177383042,7289.0,34.43487026434853,678970.0,0.0,0.0,5156.0,24.35910151397682
322,2016.0,10.0,2527.0,0.0,578.0,4512720.0,0.559972699391941,0.0,0.1280823981988689,4421.0,21.058022809288914,678970.0,0.0,0.0,1010.0,4.8107464745221
323,2016.0,11.0,1885.0,396.0,1275.0,4512720.0,0.4177081671364498,0.0877519544753496,0.2825347019092697,3126.0,14.87453251888726,678970.0,658.0,3.129899776267031,2114.0,10.059000600982332
324,2016.0,12.0,1966.0,562.0,1737.0,4512720.0,0.4356574305518623,0.1245368646847134,0.3849119821305111,2956.0,14.327902513143451,678970.0,845.0,4.094782948592152,2615.0,12.673241652805512
325,2016.0,13.0,990.0,0.0,2673.0,4512720.0,0.2193798861883742,0.0,0.5923256927086104,1488.0,7.212290346378739,678970.0,0.0,0.0,4021.0,19.4883427648419
326,2016.0,14.0,232.0,692.0,2105.0,4512720.0,0.0514102359552553,0.1533443244872272,0.4664592529560886,378.0,1.805945366792951,678970.0,1132.0,5.409376729934095,3440.0,16.437763628920756
327,2016.0,15.0,0.0,0.0,6693.0,4512720.0,0.0,0.0,1.4831409881401905,0.0,0.0,678970.0,0.0,0.0,11072.0,52.06994678398955
328,2016.0,16.0,0.0,260.0,3379.0,4512720.0,0.0,0.0576149196050275,0.7487723590207236,0.0,0.0,678970.0,433.0,2.004441397096226,5644.0,26.12929694487125
329,2016.0,17.0,0.0,386.0,6948.0,4512720.0,0.0,0.0855359960290024,1.5396479285220444,0.0,0.0,678970.0,639.0,2.95307494861268,11515.0,53.21619049069126
330,2016.0,18.0,0.0,388.0,1939.0,4512720.0,0.0,0.0859791877182719,0.4296743427467248,0.0,0.0,678970.0,657.0,3.096355090351571,3282.0,15.468273172570626
331,2016.0,19.0,0.0,0.0,2277.0,4512720.0,0.0,0.0,0.5045737382332607,0.0,0.0,678970.0,0.0,0.0,3475.0,16.471899269120225
332,2016.0,20.0,0.0,0.0,1819.0,4512720.0,0.0,0.0,0.4030828413905582,0.0,0.0,678970.0,0.0,0.0,2328.0,11.14830394350413
333,2016.0,21.0,0.0,0.0,703.0,4512720.0,0.0,0.0,0.1557818787782091,0.0,0.0,678970.0,0.0,0.0,825.0,4.018847770572446
334,2016.0,22.0,0.0,0.0,1098.0,4512720.0,0.0,0.0,0.2433122374089241,0.0,0.0,678970.0,0.0,0.0,1169.0,5.790369697226029
335,2016.0,23.0,,,,4512720.0,,,,,,678970.0,,,,
336,2016.0,24.0,,,,4512720.0,,,,,,678970.0,,,,
337,2016.0,25.0,,,,4512720.0,,,,,,678970.0,,,,
338,2016.0,26.0,,,,4512720.0,,,,,,678970.0,,,,
339,2016.0,27.0,,,,4512720.0,,,,,,678970.0,,,,
340,2016.0,28.0,,,,4512720.0,,,,,,678970.0,,,,
341,2016.0,29.0,,,,4512720.0,,,,,,678970.0,,,,
342,2016.0,30.0,,,,4512720.0,,,,,,678970.0,,,,
343,2016.0,31.0,,,,4512720.0,,,,,,678970.0,,,,
344,2016.0,32.0,,,,4512720.0,,,,,,678970.0,,,,
345,2016.0,33.0,,,,4512720.0,,,,,,678970.0,,,,
346,2016.0,34.0,,,,4512720.0,,,,,,678970.0,,,,
347,2016.0,35.0,,,,4512720.0,,,,,,678970.0,,,,
348,2016.0,36.0,,,,4512720.0,,,,,,678970.0,,,,
349,2016.0,37.0,,,,4512720.0,,,,,,678970.0,,,,
350,2016.0,38.0,,,,4512720.0,,,,,,678970.0,,,,
351,2016.0,39.0,,,,4512720.0,,,,,,678970.0,,,,
352,2016.0,40.0,,,,4512720.0,,,,,,678970.0,,,,
353,2016.0,41.0,0.0,333.0,0.0,4512720.0,0.0,0.0737914162633622,0.0,0.0,0.0,678970.0,520.0,2.486958903499314,0.0,0.0
354,2016.0,42.0,,,,4512720.0,,,,,,678970.0,,,,
355,2016.0,43.0,0.0,344.0,0.0,4512720.0,0.0,0.0762289705543441,0.0,0.0,0.0,678970.0,549.0,2.6353762183515936,0.0,0.0
356,2016.0,44.0,0.0,229.0,0.0,4512720.0,0.0,0.0507454484213512,0.0,0.0,0.0,678970.0,389.0,1.8975928805198967,0.0,0.0
357,2016.0,45.0,0.0,941.0,0.0,4512720.0,0.0,0.2085216898012728,0.0,0.0,0.0,678970.0,1451.0,7.109350867841839,0.0,0.0
358,2016.0,46.0,0.0,684.0,0.0,4512720.0,0.0,0.1515715577301494,0.0,0.0,0.0,678970.0,1039.0,5.026567686960553,0.0,0.0
359,2016.0,47.0,0.0,1345.0,0.0,4512720.0,0.0,0.2980464110337003,0.0,0.0,0.0,678970.0,2129.0,10.167835056975647,0.0,0.0
360,2016.0,48.0,0.0,2747.0,0.0,4512720.0,0.0,0.6087237852115797,0.0,0.0,0.0,678970.0,4477.0,21.06235497133315,0.0,0.0
361,2016.0,49.0,0.0,3134.0,0.0,4512720.0,0.0,0.6944813770852168,0.0,0.0,0.0,678970.0,5234.0,24.394451023842155,0.0,0.0
362,2016.0,50.0,0.0,6718.0,0.0,4512720.0,0.0,1.4886808842560584,0.0,0.0,0.0,678970.0,10719.0,50.13439009563782,0.0,0.0
363,2016.0,51.0,0.0,8411.0,0.0,4512720.0,0.0,1.8638426492226416,0.0,0.0,0.0,678970.0,12661.0,58.99040086698491,0.0,0.0
364,2016.0,52.0,0.0,12688.0,0.0,4509767.0,0.0,2.813449120542148,0.0,0.0,0.0,715923.0,17724.0,78.76007782039584,0.0,0.0
365,2017.0,1.0,0.0,1763.0,0.0,4509767.0,0.0,0.3909292874776014,0.0,0.0,0.0,715923.0,4569.0,20.82952407554001,0.0,0.0
366,2017.0,2.0,232.0,12531.0,0.0,4509767.0,0.0514438994298375,2.77863579204868,0.0,246.0,1.1125849213454375,715923.0,13196.0,59.70406187640745,0.0,0.0
367,2017.0,3.0,0.0,9294.0,0.0,4509767.0,0.0,2.060860350434956,0.0,0.0,0.0,715923.0,9925.0,44.467031041592,0.0,0.0
368,2017.0,4.0,0.0,9115.0,608.0,4509767.0,0.0,2.0211687211334866,0.1348184950575051,0.0,0.0,715923.0,10614.0,46.87191341227259,708.0,3.1269865087011333
369,2017.0,5.0,0.0,8083.0,851.0,4509767.0,0.0,1.7923320650490369,0.1887015448913436,0.0,0.0,715923.0,10086.0,44.25707726574692,1062.0,4.660086543699208
370,2017.0,6.0,0.0,7847.0,1281.0,4509767.0,0.0,1.7400012018359263,0.2840501515931976,0.0,0.0,715923.0,10608.0,46.35877478212637,1732.0,7.569467220596331
371,2017.0,7.0,0.0,3199.0,3477.0,4509767.0,0.0,0.7093492856726301,0.7709932686101078,0.0,0.0,715923.0,4523.0,19.725206364838392,4916.0,21.43769601855732
372,2017.0,8.0,0.0,2878.0,1599.0,4509767.0,0.0,0.638170442064967,0.3545637723634059,0.0,0.0,715923.0,4531.0,19.965195212186124,2516.0,11.086119778070245
373,2017.0,9.0,0.0,1659.0,3318.0,4509767.0,0.0,0.3678682291125018,0.7357364582250037,0.0,0.0,715923.0,2463.0,10.852170113983442,4927.0,21.70770504920364
374,2017.0,10.0,0.0,1207.0,3620.0,4509767.0,0.0,0.267641321602646,0.8027022238621198,0.0,0.0,715923.0,1905.0,8.446672766448012,5715.0,25.338193081501394
375,2017.0,11.0,0.0,939.0,7201.0,4509767.0,0.0,0.2082147481233509,1.5967565508373271,0.0,0.0,715923.0,1455.0,6.4082085623869816,11153.0,49.12477458869189
376,2017.0,12.0,0.0,1210.0,4706.0,4509767.0,0.0,0.2683065444401007,1.0435128910207556,0.0,0.0,715923.0,1869.0,8.253409674415337,7271.0,32.109788772512886
377,2017.0,13.0,0.0,381.0,4571.0,4509767.0,0.0,0.084483300356759,1.01357786333529,0.0,0.0,715923.0,547.0,2.4704528108951243,6561.0,29.62668979079732
378,2017.0,14.0,0.0,998.0,5656.0,4509767.0,0.0,0.2212974639266285,1.2541667895481077,0.0,0.0,715923.0,1452.0,6.559520429482414,8221.0,37.13825487023475
379,2017.0,15.0,0.0,879.0,3368.0,4509767.0,0.0,0.194910291374255,0.7468235055159169,0.0,0.0,715923.0,1238.0,5.54206617357017,4748.0,21.25365446060715
380,2017.0,16.0,0.0,716.0,3758.0,4509767.0,0.0,0.1587665172058778,0.8333024743850402,0.0,0.0,715923.0,1006.0,4.458813184092259,5276.0,23.38506596968124
381,2017.0,17.0,0.0,732.0,5487.0,4509767.0,0.0,0.16231437233897,1.2166925697048208,0.0,0.0,715923.0,1042.0,4.596761893791698,7814.0,34.47211107571132
382,2017.0,18.0,0.0,352.0,4222.0,4509767.0,0.0,0.0780528129280293,0.9361902732447152,0.0,0.0,715923.0,511.0,2.264815767180987,6135.0,27.18986775871788
383,2017.0,19.0,0.0,651.0,1736.0,4509767.0,0.0,0.1443533557276906,0.3849422819405082,0.0,0.0,715923.0,992.0,4.438056688696335,2644.0,11.829934830251144
384,2017.0,20.0,0.0,0.0,3024.0,4509767.0,0.0,0.0,0.6705446201544337,0.0,0.0,715923.0,0.0,0.0,4311.0,19.212049504393963
385,2017.0,21.0,0.0,586.0,1366.0,4509767.0,0.0,0.1299401942495033,0.3028981319877501,0.0,0.0,715923.0,766.0,3.451803452710713,1789.0,8.06193197352357
386,2017.0,22.0,0.0,0.0,2284.0,4509767.0,0.0,0.0,0.5064563202489175,0.0,0.0,715923.0,0.0,0.0,2580.0,11.876150269650374
387,2017.0,23.0,0.0,0.0,300.0,4509767.0,0.0,0.0,0.0665222837454795,0.0,0.0,715923.0,0.0,0.0,297.0,1.3848035022085312
388,2017.0,24.0,,,,4509767.0,,,,,,715923.0,,,,
389,2017.0,25.0,,,,4509767.0,,,,,,715923.0,,,,
390,2017.0,26.0,,,,4509767.0,,,,,,715923.0,,,,
391,2017.0,27.0,,,,4509767.0,,,,,,715923.0,,,,
392,2017.0,28.0,,,,4509767.0,,,,,,715923.0,,,,
393,2017.0,29.0,,,,4509767.0,,,,,,715923.0,,,,
394,2017.0,30.0,,,,4509767.0,,,,,,715923.0,,,,
395,2017.0,31.0,,,,4509767.0,,,,,,715923.0,,,,
396,2017.0,32.0,,,,4509767.0,,,,,,715923.0,,,,
397,2017.0,33.0,,,,4509767.0,,,,,,715923.0,,,,
398,2017.0,34.0,,,,4509767.0,,,,,,715923.0,,,,
399,2017.0,35.0,,,,4509767.0,,,,,,715923.0,,,,
400,2017.0,36.0,,,,4509767.0,,,,,,715923.0,,,,
401,2017.0,37.0,,,,4509767.0,,,,,,715923.0,,,,
402,2017.0,38.0,,,,4509767.0,,,,,,715923.0,,,,
403,2017.0,39.0,0.0,361.0,0.0,4509767.0,0.0,0.0800484814403937,0.0,0.0,0.0,715923.0,531.0,2.342106675857208,0.0,0.0
404,2017.0,40.0,,,,4509767.0,,,,,,715923.0,,,,
405,2017.0,41.0,0.0,860.0,0.0,4509767.0,0.0,0.190697213403708,0.0,0.0,0.0,715923.0,1410.0,6.28560331046659,0.0,0.0
406,2017.0,42.0,,,,4509767.0,,,,,,715923.0,,,,
407,2017.0,43.0,,,,4509767.0,,,,,,715923.0,,,,
408,2017.0,44.0,0.0,181.0,0.0,4509767.0,0.0,0.0401351111931059,0.0,0.0,0.0,715923.0,305.0,1.3877541350805052,0.0,0.0
409,2017.0,45.0,0.0,212.0,0.0,4509767.0,0.0,0.0470090805134722,0.0,0.0,0.0,715923.0,355.0,1.6180418120997777,0.0,0.0
410,2017.0,46.0,0.0,314.0,0.0,4509767.0,0.0,0.0696266569869352,0.0,0.0,0.0,715923.0,466.0,2.100152867961357,0.0,0.0
411,2017.0,47.0,0.0,149.0,0.0,4509767.0,0.0,0.0330394009269215,0.0,0.0,0.0,715923.0,224.0,1.0026935784124915,0.0,0.0
412,2017.0,48.0,0.0,138.0,138.0,4509767.0,0.0,0.0306002505229205,0.0306002505229205,0.0,0.0,715923.0,217.0,0.957795062697432,217.0,0.957795062697432
413,2017.0,49.0,132.0,0.0,0.0,4509767.0,0.0292698048480109,0.0,0.0,217.0,0.9561287158478964,715923.0,0.0,0.0,0.0,0.0
414,2017.0,50.0,66.0,67.0,133.0,4509767.0,0.0146349024240054,0.0148566433698237,0.0294915457938292,100.0,0.4404979577694781,715923.0,102.0,0.448735076099425,202.0,0.8892330338689033
415,2017.0,51.0,0.0,134.0,0.0,4509767.0,0.0,0.0297132867396475,0.0,0.0,0.0,715923.0,201.0,0.8860270836252511,0.0,0.0
416,2017.0,52.0,145.0,727.0,436.0,4509767.0,0.0321524371436484,0.1612056676098787,0.0966790523767636,205.0,0.9164675790538556,715923.0,1024.0,4.579131945025626,614.0,2.7461967869179147
417,2018.0,1.0,40.0,40.0,79.0,4526862.0,0.0088361430059056,0.0088361430059056,0.0174513824366636,102.0,0.4334368885222244,754717.0,102.0,0.4334368885222244,203.0,0.8637787983379024
418,2018.0,2.0,102.0,0.0,409.0,4526862.0,0.0225321646650593,0.0,0.0903495622353851,169.0,0.7270091569980182,754717.0,0.0,0.0,673.0,2.894316955113821
419,2018.0,3.0,374.0,373.0,166.0,4526862.0,0.0826179371052177,0.08239703353007,0.0366699934745083,489.0,2.0697318717725324,754717.0,489.0,2.0697318717725324,218.0,0.9220928285211126
420,2018.0,4.0,648.0,162.0,1013.0,4526862.0,0.1431455166956713,0.0357863791739178,0.2237753216245602,860.0,3.580889888109846,754717.0,215.0,0.8952224720274615,1343.0,5.590267323422268
421,2018.0,5.0,0.0,648.0,1783.0,4526862.0,0.0,0.1431455166956713,0.3938710744882437,0.0,0.0,754717.0,996.0,4.102544603617874,2740.0,11.28676526035646
422,2018.0,6.0,573.0,1002.0,1503.0,4526862.0,0.1265777485595982,0.2213453822979361,0.3320180734469042,903.0,3.714050735821565,754717.0,1580.0,6.497496136483052,2371.0,9.749339183431124
423,2018.0,7.0,1289.0,3180.0,3889.0,4526862.0,0.2847447083653091,0.7024733689694981,0.8590940037491754,1791.0,7.357400883867892,754717.0,4422.0,18.166163222965565,5407.0,22.21199216901136
424,2018.0,8.0,1085.0,2442.0,2474.0,4526862.0,0.2396803790351903,0.539446530510539,0.5465154449152636,1551.0,6.363357758381378,754717.0,3493.0,14.328406987836434,3539.0,14.517722807314692
425,2018.0,9.0,1189.0,3499.0,5625.0,4526862.0,0.262654350850545,0.7729416094415955,1.24258261020548,1704.0,6.988548067655112,754717.0,5016.0,20.57329455182203,8062.0,33.06597967178391
426,2018.0,10.0,1400.0,4093.0,4039.0,4526862.0,0.3092650052066972,0.9041583330792944,0.8922295400213216,1876.0,7.691086180715571,754717.0,5483.0,22.47879105133071,5411.0,22.183315017614376
427,2018.0,11.0,2585.0,4681.0,6924.0,4526862.0,0.5710357417566517,1.034049635266107,1.5295363543222655,3021.0,12.38132438225036,754717.0,5471.0,22.421005875105827,8092.0,33.16265317037598
428,2018.0,12.0,2905.0,6961.0,6971.0,4526862.0,0.6417248858038969,1.5377097866027285,1.5399188223542049,3232.0,13.309932675007412,754717.0,7741.0,31.88253584619628,7754.0,31.93473668229662
429,2018.0,13.0,2403.0,6740.0,4017.0,4526862.0,0.5308312910797811,1.4888900964950995,0.8873696613680735,2293.0,9.71403446587948,754717.0,6428.0,27.23371397765904,3831.0,16.230183695070732
430,2018.0,14.0,2005.0,6471.0,5265.0,4526862.0,0.44291166817102,1.4294670347803844,1.1630573231523291,1798.0,7.671568206196015,754717.0,5800.0,24.750100644741348,4719.0,20.13663480059173
431,2018.0,15.0,1137.0,5590.0,3270.0,4526862.0,0.2511673649428677,1.2348509850753129,0.7223546907327858,1068.0,4.520167806521602,754717.0,5242.0,22.188154324422182,3067.0,12.982346729560742
432,2018.0,16.0,1946.0,2976.0,3486.0,4526862.0,0.4298783572373092,0.6574090396393794,0.7700698629646762,2004.0,8.390831014792939,754717.0,3066.0,12.838140928627665,3591.0,15.036153463491033
433,2018.0,17.0,1451.0,3967.0,1584.0,4526862.0,0.3205310875392269,0.8763244826106915,0.3499112630338632,1553.0,6.43132697709417,754717.0,4246.0,17.58486126917453,1694.0,7.014752650444596
434,2018.0,18.0,673.0,1346.0,1009.0,4526862.0,0.1486681060743623,0.2973362121487246,0.2228917073239696,994.0,4.184435274735279,754717.0,1991.0,8.379493582950802,1493.0,6.2835119181963135
435,2018.0,19.0,414.0,1105.0,414.0,4526862.0,0.0914540801111233,0.2440984505381432,0.0914540801111233,516.0,2.170958480553519,754717.0,1377.0,5.79424187155567,516.0,2.170958480553519
436,2018.0,20.0,,,,4526862.0,,,,,,754717.0,,,,
437,2018.0,21.0,430.0,0.0,0.0,4526862.0,0.0949885373134855,0.0,0.0,473.0,2.0162746837161905,754717.0,0.0,0.0,0.0,0.0
438,2018.0,22.0,0.0,446.0,0.0,4526862.0,0.0,0.0985229945158478,0.0,0.0,0.0,754717.0,463.0,2.007421817113569,0.0,0.0
439,2018.0,23.0,,,,4526862.0,,,,,,754717.0,,,,
440,2018.0,24.0,,,,4526862.0,,,,,,754717.0,,,,
441,2018.0,25.0,,,,4526862.0,,,,,,754717.0,,,,
442,2018.0,26.0,,,,4526862.0,,,,,,754717.0,,,,
443,2018.0,27.0,,,,4526862.0,,,,,,754717.0,,,,
444,2018.0,28.0,390.0,0.0,0.0,4526862.0,0.0861523943075799,0.0,0.0,275.0,1.2049769250266642,754717.0,0.0,0.0,0.0,0.0
445,2018.0,29.0,,,,4526862.0,,,,,,754717.0,,,,
446,2018.0,30.0,,,,4526862.0,,,,,,754717.0,,,,
447,2018.0,31.0,,,,4526862.0,,,,,,754717.0,,,,
448,2018.0,32.0,,,,4526862.0,,,,,,754717.0,,,,
449,2018.0,33.0,0.0,0.0,178.0,4526862.0,0.0,0.0,0.03932083637628,0.0,0.0,754717.0,0.0,0.0,167.0,0.7190606575475239
450,2018.0,34.0,,,,4526862.0,,,,,,754717.0,,,,
451,2018.0,35.0,,,,4526862.0,,,,,,754717.0,,,,
452,2018.0,36.0,,,,4526862.0,,,,,,754717.0,,,,
453,2018.0,37.0,,,,4526862.0,,,,,,754717.0,,,,
454,2018.0,38.0,,,,4526862.0,,,,,,754717.0,,,,
455,2018.0,39.0,,,,4526862.0,,,,,,754717.0,,,,
456,2018.0,40.0,,,,4526862.0,,,,,,754717.0,,,,
457,2018.0,41.0,,,,4526862.0,,,,,,754717.0,,,,
458,2018.0,42.0,309.0,0.0,0.0,4526862.0,0.068259204720621,0.0,0.0,452.0,1.898790787773036,754717.0,0.0,0.0,0.0,0.0
459,2018.0,43.0,283.0,0.0,0.0,4526862.0,0.0625157117667823,0.0,0.0,407.0,1.7160870310761274,754717.0,0.0,0.0,0.0,0.0
460,2018.0,44.0,,,,4526862.0,,,,,,754717.0,,,,
461,2018.0,45.0,,,,4526862.0,,,,,,754717.0,,,,
462,2018.0,46.0,,,,4526862.0,,,,,,754717.0,,,,
463,2018.0,47.0,590.0,0.0,0.0,4526862.0,0.1303331093371081,0.0,0.0,872.0,3.629918982173417,754717.0,0.0,0.0,0.0,0.0
464,2018.0,48.0,424.0,0.0,0.0,4526862.0,0.0936631158625997,0.0,0.0,613.0,2.5422807298867705,754717.0,0.0,0.0,0.0,0.0
465,2018.0,49.0,713.0,0.0,0.0,4526862.0,0.1575042490802679,0.0,0.0,1073.0,4.428825201196534,754717.0,0.0,0.0,0.0,0.0
466,2018.0,50.0,1061.0,0.0,0.0,4526862.0,0.234378693231647,0.0,0.0,1583.0,6.530406245112278,754717.0,0.0,0.0,0.0,0.0
467,2018.0,51.0,2399.0,0.0,0.0,4526862.0,0.5299476767791905,0.0,0.0,3599.0,14.873235981312025,754717.0,0.0,0.0,0.0,0.0
468,2018.0,52.0,8201.0,0.0,0.0,4526862.0,1.811630219785803,0.0,0.0,10610.0,44.2943340131369,754717.0,0.0,0.0,0.0,0.0
469,2019.0,1.0,1134.0,256.0,0.0,4567280.0,0.2482878211977369,0.0560508661610411,0.0,3506.0,14.431873159215211,784655.0,792.0,3.2598862646411275,0.0,0.0
470,2019.0,2.0,5203.0,613.0,0.0,4567280.0,1.139190064983973,0.1342155506121805,0.0,8407.0,34.71482259067026,784655.0,988.0,4.078734997797347,0.0,0.0
471,2019.0,3.0,6272.0,1888.0,0.0,4567280.0,1.373246220945508,0.4133751379376784,0.0,7220.0,29.234498665708227,784655.0,2174.0,8.802125804994857,0.0,0.0
472,2019.0,4.0,5464.0,3247.0,46.0,4567280.0,1.196335674624722,0.710926415722268,0.010071640013312,7420.0,29.51578842859453,784655.0,4411.0,17.54820949421391,63.0,0.251063999230021
473,2019.0,5.0,8270.0,4101.0,0.0,4567280.0,1.810705715436759,0.8979086020563661,0.0,11546.0,45.18986643728012,784655.0,5727.0,22.4158477300024,0.0,0.0
474,2019.0,6.0,7607.0,3562.0,0.0,4567280.0,1.6655427300275,0.7798952549438616,0.0,10934.0,42.71364319918816,784655.0,5115.0,19.98060051807057,0.0,0.0
475,2019.0,7.0,5819.0,4634.0,0.0,4567280.0,1.2740624616839782,1.014608256993221,0.0,8483.0,33.24014352142835,784655.0,6750.0,26.4496832526587,0.0,0.0
476,2019.0,8.0,4362.0,4956.0,0.0,4567280.0,0.9550542116971152,1.085109737086406,0.0,6092.0,23.89933727880537,784655.0,6924.0,27.16247377378556,0.0,0.0
477,2019.0,9.0,1947.0,3319.0,0.0,4567280.0,0.4262931109982309,0.7266907218300608,0.0,2778.0,10.921908615395353,784655.0,4735.0,18.615710943189782,0.0,0.0
478,2019.0,10.0,2078.0,3668.0,44.0,4567280.0,0.4549753901665762,0.8031038167136677,0.0096337426214289,3032.0,11.948826165018868,784655.0,5351.0,21.08783587246852,64.0,0.2530511318656802
479,2019.0,11.0,1546.0,3772.0,62.0,4567280.0,0.3384946839256625,0.8258744810915907,0.0135748191483771,2250.0,8.89368600990057,784655.0,5490.0,21.700393054933706,90.0,0.3565641065032897
480,2019.0,12.0,1274.0,3048.0,55.0,4567280.0,0.2789406386295563,0.6673556252298961,0.0120421782767861,1791.0,7.136039262729057,784655.0,4282.0,17.060444460106183,78.0,0.310715217740916
481,2019.0,13.0,1206.0,3117.0,0.0,4567280.0,0.2640521273055298,0.6824630852498642,0.0,1589.0,6.448528461515255,784655.0,4105.0,16.658016223858255,0.0,0.0
482,2019.0,14.0,950.0,1425.0,79.0,4567280.0,0.2080012611444886,0.3120018917167329,0.0172969469793837,1254.0,5.089361580326226,784655.0,1880.0,7.63051895294786,104.0,0.422069124220069
483,2019.0,15.0,1101.0,1192.0,255.0,4567280.0,0.2410625142316652,0.2609868455623478,0.0558319174650995,1427.0,5.740510083896717,784655.0,1546.0,6.217462064597781,330.0,1.3280758169853957
484,2019.0,16.0,0.0,1159.0,211.0,4567280.0,0.0,0.2537615385962761,0.0461981748436706,0.0,0.0,784655.0,1485.0,5.914176176217504,270.0,1.0756611653050707
485,2019.0,17.0,173.0,1037.0,346.0,4567280.0,0.037878124397891,0.2270497976914049,0.0757562487957821,237.0,0.9449237930340544,784655.0,1418.0,5.652905399711019,472.0,1.8819528548760187
486,2019.0,18.0,0.0,408.0,0.0,4567280.0,0.0,0.0893310679441593,0.0,0.0,0.0,784655.0,673.0,2.695156106621375,0.0,0.0
487,2019.0,19.0,253.0,253.0,0.0,4567280.0,0.0553940200732164,0.0553940200732164,0.0,375.0,1.506005282580866,784655.0,375.0,1.506005282580866,0.0,0.0
488,2019.0,20.0,418.0,418.0,418.0,4567280.0,0.091520554903575,0.091520554903575,0.091520554903575,476.0,1.930734690782009,784655.0,476.0,1.930734690782009,476.0,1.930734690782009
489,2019.0,21.0,52.0,156.0,624.0,4567280.0,0.0113853321889614,0.0341559965668844,0.1366239862675378,55.0,0.2228766588981697,784655.0,167.0,0.6756768117774724,668.0,2.7035551432190177
490,2019.0,22.0,0.0,563.0,281.0,4567280.0,0.0,0.1232681158151022,0.0615245835595803,0.0,0.0,784655.0,582.0,2.395487431028162,291.0,1.1973197674595175
491,2019.0,23.0,0.0,297.0,594.0,4567280.0,0.0,0.0650277626946453,0.1300555253892907,0.0,0.0,784655.0,278.0,1.155276298028598,557.0,2.31356391863007
492,2019.0,24.0,320.0,0.0,0.0,4567280.0,0.0700635827013014,0.0,0.0,321.0,1.3435365844424476,784655.0,0.0,0.0,0.0,0.0
493,2019.0,25.0,,,,4567280.0,,,,,,784655.0,,,,
494,2019.0,26.0,,,,4567280.0,,,,,,784655.0,,,,
495,2019.0,27.0,,,,4567280.0,,,,,,784655.0,,,,
496,2019.0,28.0,,,,4567280.0,,,,,,784655.0,,,,
497,2019.0,29.0,,,,4567280.0,,,,,,784655.0,,,,
498,2019.0,30.0,,,,4567280.0,,,,,,784655.0,,,,
499,2019.0,31.0,,,,4567280.0,,,,,,784655.0,,,,
500,2019.0,32.0,,,,4567280.0,,,,,,784655.0,,,,
501,2019.0,33.0,,,,4567280.0,,,,,,784655.0,,,,
502,2019.0,34.0,,,,4567280.0,,,,,,784655.0,,,,
503,2019.0,35.0,,,,4567280.0,,,,,,784655.0,,,,
504,2019.0,36.0,,,,4567280.0,,,,,,784655.0,,,,
505,2019.0,37.0,,,,4567280.0,,,,,,784655.0,,,,
506,2019.0,38.0,0.0,516.0,0.0,4567280.0,0.0,0.1129775271058485,0.0,0.0,0.0,784655.0,679.0,2.64791932596758,0.0,0.0
507,2019.0,39.0,,,,4567280.0,,,,,,784655.0,,,,
508,2019.0,40.0,366.0,366.0,0.0,4567280.0,0.0801352227146135,0.0801352227146135,0.0,476.0,1.887533990919361,784655.0,476.0,1.887533990919361,0.0,0.0
509,2019.0,41.0,,,,4567280.0,,,,,,784655.0,,,,
510,2019.0,42.0,,,,4567280.0,,,,,,784655.0,,,,
511,2019.0,43.0,0.0,703.0,0.0,4567280.0,0.0,0.1539209332469215,0.0,0.0,0.0,784655.0,1065.0,4.2575083956584825,0.0,0.0
512,2019.0,44.0,,,,4567280.0,,,,,,784655.0,,,,
513,2019.0,45.0,,,,4567280.0,,,,,,784655.0,,,,
514,2019.0,46.0,453.0,227.0,227.0,4567280.0,0.0991837592615298,0.0497013539787357,0.0497013539787357,680.0,2.735132518923003,784655.0,340.0,1.367054164492894,340.0,1.367054164492894
515,2019.0,47.0,801.0,600.0,2001.0,4567280.0,0.1753779054491951,0.1313692175649402,0.4381163405790755,1161.0,4.598728330358413,784655.0,871.0,3.450055125896332,2902.0,11.495827259578205
516,2019.0,48.0,1018.0,509.0,1357.0,4567280.0,0.2228897724685151,0.1114448862342575,0.2971133803927064,1650.0,6.496765769514432,784655.0,826.0,3.2528423453218687,2201.0,8.667579164617528
517,2019.0,49.0,2287.0,229.0,2934.0,4567280.0,0.5007356676183636,0.0501392513706188,0.6423954738925575,3370.0,13.19704564180407,784655.0,338.0,1.3233799315609052,4327.0,16.94492658051911
518,2019.0,50.0,1508.0,452.0,4966.0,4567280.0,0.330174633479883,0.0989648105655882,1.0872992240458217,2315.0,9.062045861754596,784655.0,693.0,2.713634210543755,7622.0,29.841525029097497
519,2019.0,51.0,1653.0,529.0,2447.0,4567280.0,0.3619221943914102,0.1158238601530889,0.5357674589690143,2291.0,8.976954959274781,784655.0,733.0,2.8717387012449564,3391.0,13.28751681042043
520,2019.0,52.0,832.0,520.0,1703.0,4567280.0,0.1821653150233837,0.1138533218896148,0.3728696291884885,1175.0,4.658759810732944,784655.0,733.0,2.907518202984855,2402.0,9.52556976067832
521,2020.0,1.0,1825.0,340.0,1528.0,4578669.0,0.3985874497588709,0.0742573879002828,0.3337214373871533,3282.0,13.147688860251822,805221.0,611.0,2.447461882416233,2747.0,11.003823518194736
522,2020.0,2.0,1887.0,281.0,2091.0,4578669.0,0.4121285028465696,0.0613715470587631,0.4566829355867393,3009.0,12.080613860326617,805221.0,447.0,1.7940183632823263,3334.0,13.38596510426216
523,2020.0,3.0,1828.0,689.0,4295.0,4578669.0,0.3992426620050499,0.1504804125391025,0.9380455324462196,2094.0,8.31674547121569,805221.0,789.0,3.1332842377655745,4918.0,19.5350771830178
524,2020.0,4.0,2001.0,445.0,2950.0,4578669.0,0.4370265682013703,0.0971898165165466,0.6442920420759832,2489.0,9.63383409393799,805221.0,553.0,2.1397948404408003,3667.0,14.193726691253092
525,2020.0,5.0,3873.0,590.0,2482.0,4578669.0,0.8458790098170451,0.1288584084151966,0.5420789316720646,5285.0,20.14892172872124,805221.0,805.0,3.0693670966287425,3388.0,12.916971478123516
526,2020.0,6.0,3927.0,631.0,3441.0,4578669.0,0.8576728302482665,0.1378129757796425,0.751528446367274,6211.0,23.254926174244385,805221.0,1001.0,3.747947002548302,5445.0,20.38657789948353
527,2020.0,7.0,4775.0,880.0,3637.0,4578669.0,1.0428794918348545,0.1921955922124966,0.7943356464509664,7604.0,28.36159909725614,805221.0,1402.0,5.228549839110341,5793.0,21.60660903491376
528,2020.0,8.0,3602.0,725.0,3602.0,4578669.0,0.7866915035788785,0.1583429594932501,0.7866915035788785,5466.0,20.370233877890588,805221.0,1100.0,4.098762273610577,5466.0,20.370233877890588
529,2020.0,9.0,3206.0,713.0,3043.0,4578669.0,0.700203487083255,0.1557221105085342,0.6646036217075312,5288.0,19.897284581578425,805221.0,1175.0,4.420701708028946,5019.0,18.88449294079554
530,2020.0,10.0,3145.0,1018.0,3261.0,4578669.0,0.686880838077616,0.2223353555367291,0.7122157115965361,4738.0,17.77925166910152,805221.0,1534.0,5.756475658520532,4913.0,18.43536889910476
531,2020.0,11.0,2035.0,570.0,2503.0,4578669.0,0.4444523069913986,0.1244903267740035,0.5466654173953173,3157.0,11.875717219454298,805221.0,884.0,3.324922594791903,3882.0,14.60220164020724
532,2020.0,12.0,2530.0,656.0,2249.0,4578669.0,0.5525623276109279,0.1432730778311338,0.4911907805521648,3281.0,12.367387881896736,805221.0,850.0,3.205028024274254,2915.0,10.987586860611842
533,2020.0,13.0,1356.0,648.0,1519.0,4578669.0,0.2961559352728926,0.1415258451746566,0.3317558006486164,1384.0,5.355537219668005,805221.0,661.0,2.5578603215897298,1550.0,5.998447050069654
534,2020.0,14.0,270.0,823.0,1239.0,4578669.0,0.0589691021561069,0.1797465595350963,0.2706026576719129,203.0,0.7957810534715567,805221.0,612.0,2.424752593792856,924.0,3.652241257536143
535,2020.0,15.0,239.0,0.0,292.0,4578669.0,0.0521985756122576,0.0,0.0637739919614193,153.0,0.6080810323253477,805221.0,0.0,0.0,187.0,0.7437292250838762
536,2020.0,16.0,94.0,0.0,37.0,4578669.0,0.0205299837136076,0.0,0.0080809510362072,53.0,0.2080949992710817,805221.0,0.0,0.0,20.0,0.0785174001268182
537,2020.0,17.0,94.0,0.0,37.0,4578669.0,0.0,0.0,0.0,0.0,0.0,805221.0,0.0,0.0,0.0,0.0
538,2022.0,1.0,,,,4578669.0,,,,,,805221.0,,,,
539,2022.0,2.0,,,,4578669.0,,,,,,805221.0,,,,
540,2022.0,3.0,,,,4578669.0,,,,,,805221.0,,,,
541,2022.0,4.0,,,,4578669.0,,,,,,805221.0,,,,
542,2022.0,5.0,,,,4578669.0,,,,,,805221.0,,,,
543,2022.0,6.0,,,,4578669.0,,,,,,805221.0,,,,
544,2022.0,7.0,,,,4578669.0,,,,,,805221.0,,,,
545,2022.0,8.0,,,,4578669.0,,,,,,805221.0,,,,
546,2022.0,9.0,,,,4578669.0,,,,,,805221.0,,,,
547,2022.0,10.0,,,,4578669.0,,,,,,805221.0,,,,
548,2022.0,11.0,,,,4578669.0,,,,,,805221.0,,,,
549,2022.0,12.0,,,,4578669.0,,,,,,805221.0,,,,
550,2022.0,13.0,,,,4578669.0,,,,,,805221.0,,,,
551,2022.0,14.0,,,,4578669.0,,,,,,805221.0,,,,
552,2022.0,15.0,,,,4578669.0,,,,,,805221.0,,,,
553,2022.0,16.0,,,,4578669.0,,,,,,805221.0,,,,
554,2022.0,17.0,,,,4578669.0,,,,,,805221.0,,,,
555,2022.0,18.0,,,,4578669.0,,,,,,805221.0,,,,
556,2022.0,19.0,,,,4578669.0,,,,,,805221.0,,,,
557,2022.0,20.0,,,,4578669.0,,,,,,805221.0,,,,
558,2022.0,21.0,,,,4578669.0,,,,,,805221.0,,,,
559,2022.0,22.0,,,,4578669.0,,,,,,805221.0,,,,
560,2022.0,23.0,,,,4578669.0,,,,,,805221.0,,,,
561,2022.0,24.0,,,,4578669.0,,,,,,805221.0,,,,
562,2022.0,25.0,,,,4578669.0,,,,,,805221.0,,,,
563,2022.0,26.0,,,,4578669.0,,,,,,805221.0,,,,
564,2022.0,27.0,,,,4578669.0,,,,,,805221.0,,,,
565,2022.0,28.0,,,,4578669.0,,,,,,805221.0,,,,
566,2022.0,29.0,,,,4578669.0,,,,,,805221.0,,,,
567,2022.0,30.0,,,,4578669.0,,,,,,805221.0,,,,
568,2022.0,31.0,,,,4578669.0,,,,,,805221.0,,,,
569,2022.0,32.0,,,,4578669.0,,,,,,805221.0,,,,
570,2022.0,33.0,,,,4578669.0,,,,,,805221.0,,,,
571,2022.0,34.0,,,,4578669.0,,,,,,805221.0,,,,
572,2022.0,35.0,,,,4578669.0,,,,,,805221.0,,,,
573,2022.0,36.0,,,,4578669.0,,,,,,805221.0,,,,
574,2022.0,37.0,,,,4578669.0,,,,,,805221.0,,,,
575,2022.0,38.0,,,,4578669.0,,,,,,805221.0,,,,
576,2022.0,39.0,,,,4578669.0,,,,,,805221.0,,,,
577,2022.0,40.0,0.0,0.0,0.0,4578669.0,0.0,0.0,0.0,0.0,0.0,805221.0,0.0,0.0,0.0,0.0
578,2022.0,41.0,250.0,125.0,0.0,4578669.0,0.0,0.0,0.0,0.0,0.0,805221.0,0.0,0.0,0.0,0.0
579,2022.0,42.0,0.0,0.0,430.0,4578669.0,0.0,0.0,0.0,0.0,0.0,805221.0,0.0,0.0,0.0,0.0
580,2022.0,43.0,565.0,113.0,0.0,4578669.0,0.0,0.0,0.0,0.0,0.0,805221.0,0.0,0.0,0.0,0.0
581,2022.0,44.0,372.0,0.0,186.0,4578669.0,0.0,0.0,0.0,0.0,0.0,805221.0,0.0,0.0,0.0,0.0
582,2022.0,45.0,3722.0,0.0,1273.0,4578669.0,0.0,0.0,0.0,0.0,0.0,805221.0,0.0,0.0,0.0,0.0
583,2022.0,46.0,10481.0,225.0,1803.0,4578669.0,0.0,0.0,0.0,0.0,0.0,805221.0,0.0,0.0,0.0,0.0
584,2022.0,47.0,32467.0,1554.0,2257.0,4578669.0,0.0,0.0,0.0,0.0,0.0,805221.0,0.0,0.0,0.0,0.0
585,2022.0,48.0,113905.0,2373.0,4353.0,4578669.0,0.0,0.0,0.0,0.0,0.0,805221.0,0.0,0.0,0.0,0.0
586,2022.0,49.0,145455.0,5717.0,8622.0,4578669.0,0.0,0.0,0.0,0.0,0.0,805221.0,0.0,0.0,0.0,0.0
587,2022.0,50.0,204841.0,18256.0,12361.0,4578669.0,0.0,0.0,0.0,0.0,0.0,805221.0,0.0,0.0,0.0,0.0
588,2022.0,51.0,211383.0,12267.0,12565.0,4578669.0,0.0,0.0,0.0,0.0,0.0,805221.0,0.0,0.0,0.0,0.0
589,2022.0,52.0,153840.0,22763.0,11391.0,4578669.0,0.0,0.0,0.0,0.0,0.0,805221.0,0.0,0.0,0.0,0.0
590,2023.0,1.0,71660.0,309.0,12589.0,54358793.0,0.2503886498559479,0.0010815924399824,0.0439896494942366,0.0,0.0,0.0,0.0,0.0,0.0,0.0
591,2023.0,2.0,74023.0,237.0,16367.0,54358793.0,0.1765308900934329,0.0005653511292023,0.0390334572490706,0.0,0.0,0.0,0.0,0.0,0.0,0.0
592,2023.0,3.0,36031.0,727.0,22171.0,54361880.0,0.0915757190166234,0.0018483172645557,0.0563492063492063,0.0,0.0,0.0,0.0,0.0,0.0,0.0
593,2023.0,4.0,30100.0,352.0,37715.0,54361880.0,0.0709435678152476,0.0008307209346047,0.088891512218156,0.0,0.0,0.0,0.0,0.0,0.0,0.0
594,2023.0,5.0,16756.0,146.0,44370.0,54358849.0,0.0355662851969637,0.0003119849578681,0.0941804591564335,0.0,0.0,0.0,0.0,0.0,0.0,0.0
595,2023.0,6.0,15097.0,239.0,38667.0,54358849.0,0.0303331611570247,0.0004814787485242,0.0776859504132231,0.0,0.0,0.0,0.0,0.0,0.0,0.0
596,2023.0,7.0,7860.0,410.0,52533.0,54367988.0,0.0158043015185872,0.0008245722531436,0.105631141345427,0.0,0.0,0.0,0.0,0.0,0.0,0.0
597,2023.0,8.0,2573.0,459.0,33805.0,54367814.0,0.0070394835549391,0.0012570506348105,0.0924662116954369,0.0,0.0,0.0,0.0,0.0,0.0,0.0
598,2023.0,9.0,2425.0,97.0,29270.0,54380016.0,0.0054724002324826,0.0002188960092993,0.0660386615641252,0.0,0.0,0.0,0.0,0.0,0.0,0.0
599,2023.0,10.0,802.0,247.0,22991.0,54380016.0,0.0022786230105868,0.0007011147724882,0.0652562574493444,0.0,0.0,0.0,0.0,0.0,0.0,0.0
600,2023.0,11.0,749.0,166.0,20600.0,54380016.0,0.0019062482581795,0.0004236107240399,0.0523605150214592,0.0,0.0,0.0,0.0,0.0,0.0,0.0
601,2023.0,12.0,797.0,199.0,15817.0,54372258.0,0.0022149509187012,0.0005537377296753,0.0439214699219733,0.0,0.0,0.0,0.0,0.0,0.0,0.0
602,2023.0,13.0,1045.0,110.0,13037.0,54372258.0,0.0032730404823428,0.0003445305770887,0.0408268733850129,0.0,0.0,0.0,0.0,0.0,0.0,0.0
603,2023.0,14.0,140.0,140.0,8734.0,54372258.0,0.0004524204494043,0.0004524204494043,0.0280500678630674,0.0,0.0,0.0,0.0,0.0,0.0,0.0
604,2023.0,15.0,262.0,131.0,6549.0,54372258.0,0.0008744602940372,0.0004372301470186,0.0218068535825545,0.0,0.0,0.0,0.0,0.0,0.0,0.0
605,2023.0,16.0,323.0,0.0,4161.0,54372258.0,0.0010449320794148,0.0,0.0134348410210479,0.0,0.0,0.0,0.0,0.0,0.0,0.0
606,2023.0,17.0,132.0,66.0,4512.0,54372258.0,0.0004640102082245,0.0002320051041122,0.0158343483556638,0.0,0.0,0.0,0.0,0.0,0.0,0.0
607,2023.0,18.0,0.0,0.0,2735.0,54372258.0,0.0,0.0,0.011026102610261,0.0,0.0,0.0,0.0,0.0,0.0,0.0
608,2023.0,19.0,84.0,84.0,2074.0,54372258.0,0.0003875968992248,0.0003875968992248,0.0095607235142118,0.0,0.0,0.0,0.0,0.0,0.0,0.0
609,2023.0,20.0,92.0,277.0,1585.0,54372258.0,0.000390015600624,0.001170046801872,0.0066859817249832,0.0,0.0,0.0,0.0,0.0,0.0,0.0
610,2023.0,21.0,73.0,147.0,1434.0,54372258.0,0.0003355986240456,0.0006711972480912,0.00654417316889,0.0,0.0,0.0,0.0,0.0,0.0,0.0
611,2023.0,22.0,0.0,0.0,411.0,54372258.0,0.0,0.0,0.0020486555697823,0.0,0.0,0.0,0.0,0.0,0.0,0.0
612,2023.0,23.0,0.0,160.0,373.0,54372258.0,0.0,0.0009372071227741,0.0021868166198063,0.0,0.0,0.0,0.0,0.0,0.0,0.0
613,2023.0,24.0,0.0,0.0,102.0,54372258.0,0.0,0.0,0.00064,0.0,0.0,0.0,0.0,0.0,0.0,0.0
614,2023.0,25.0,0.0,0.0,135.0,54372258.0,0.0,0.0,0.0009030704394942,0.0,0.0,0.0,0.0,0.0,0.0,0.0
615,2023.0,26.0,0.0,0.0,0.0,54372258.0,0.0,0.0,0.0,0.0,0.0,0.0,0.0,0.0,0.0,0.0
616,2023.0,27.0,0.0,46.0,92.0,54408325.0,0.0,0.0003505082369435,0.0007010164738871,0.0,0.0,0.0,0.0,0.0,0.0,0.0
617,2023.0,28.0,0.0,0.0,72.0,54408325.0,0.0,0.0,0.0005844535359438,0.0,0.0,0.0,0.0,0.0,0.0,0.0
618,2023.0,29.0,0.0,0.0,83.0,54408325.0,0.0,0.0,0.000670915800067,0.0,0.0,0.0,0.0,0.0,0.0,0.0
619,2023.0,30.0,0.0,31.0,124.0,54408325.0,0.0,0.0002466699555994,0.0009866798223976,0.0,0.0,0.0,0.0,0.0,0.0,0.0
620,2023.0,31.0,0.0,0.0,84.0,54408325.0,0.0,0.0,0.0006555227794165,0.0,0.0,0.0,0.0,0.0,0.0,0.0
621,2023.0,32.0,0.0,0.0,84.0,54408325.0,0.0,0.0,0.0006218905472636,0.0,0.0,0.0,0.0,0.0,0.0,0.0
622,2023.0,33.0,0.0,75.0,37.0,54408325.0,0.0,0.0005252100840336,0.0002626050420168,0.0,0.0,0.0,0.0,0.0,0.0,0.0
623,2023.0,34.0,0.0,0.0,48.0,54408325.0,0.0,0.0,0.0003075030750307,0.0,0.0,0.0,0.0,0.0,0.0,0.0
624,2023.0,35.0,50.0,50.0,0.0,54408325.0,0.0002867794665901,0.0002867794665901,0.0,0.0,0.0,0.0,0.0,0.0,0.0,0.0
625,2023.0,36.0,0.0,0.0,201.0,54402925.0,0.0,0.0,0.000819224467504,0.0,0.0,0.0,0.0,0.0,0.0,0.0
626,2023.0,37.0,0.0,0.0,97.0,54402925.0,0.0,0.0,0.0002442002442002,0.0,0.0,0.0,0.0,0.0,0.0,0.0
627,2023.0,38.0,0.0,98.0,394.0,54402925.0,0.0,0.0002058036633052,0.0008232146532208,0.0,0.0,0.0,0.0,0.0,0.0,0.0
628,2023.0,39.0,303.0,0.0,303.0,54402925.0,0.0007072135785007,0.0,0.0007072135785007,0.0,0.0,0.0,0.0,0.0,0.0,0.0
629,2023.0,40.0,0.0,0.0,282.0,54276830.0,0.0,0.0,0.0007060900264783,0.0,0.0,0.0,0.0,0.0,0.0,0.0
630,2023.0,41.0,0.0,323.0,80.0,54249024.0,0.0,0.0008228759514503,0.0002057189878625,0.0,0.0,0.0,0.0,0.0,0.0,0.0
631,2023.0,42.0,0.0,110.0,0.0,54249024.0,0.0,0.0002871088142405,0.0,0.0,0.0,0.0,0.0,0.0,0.0,0.0
632,2023.0,43.0,118.0,236.0,202.0,54249024.0,0.0003188049369221,0.0006376098738443,0.0005465227490094,0.0,0.0,0.0,0.0,0.0,0.0,0.0
633,2023.0,44.0,46.0,1426.0,173.0,54183852.0,0.0001374870600414,0.0042620988612836,0.0005175983436853,0.0,0.0,0.0,0.0,0.0,0.0,0.0
634,2023.0,45.0,38.0,2851.0,114.0,54183852.0,0.0001125550742345,0.008329075493354,0.0003332222592469,0.0,0.0,0.0,0.0,0.0,0.0,0.0
635,2023.0,46.0,164.0,6407.0,336.0,54097055.0,0.0004282655246252,0.0167023554603854,0.0008759976640062,0.0,0.0,0.0,0.0,0.0,0.0,0.0
636,2023.0,47.0,387.0,13766.0,268.0,54097055.0,0.0008765978492441,0.0311818377802576,0.0006087044739778,0.0,0.0,0.0,0.0,0.0,0.0,0.0
637,2023.0,48.0,798.0,34950.0,296.0,54097055.0,0.0015039675849202,0.0658275042938192,0.0005584363781412,0.0,0.0,0.0,0.0,0.0,0.0,0.0
638,2023.0,49.0,0.0,56112.0,173.0,54097055.0,0.0,0.0953433539640436,0.0002947244326554,0.0,0.0,0.0,0.0,0.0,0.0,0.0
639,2023.0,50.0,988.0,86886.0,436.0,54097055.0,0.0014842256461447,0.1304263286549697,0.0006555466530701,0.0,0.0,0.0,0.0,0.0,0.0,0.0
640,2023.0,51.0,5156.0,101297.0,533.0,54097055.0,0.007439879370113,0.1461544723628779,0.000770218228498,0.0,0.0,0.0,0.0,0.0,0.0,0.0
641,2023.0,52.0,3805.0,109096.0,223.0,54097055.0,0.0067319597631218,0.1929828465428275,0.0003961023528479,0.0,0.0,0.0,0.0,0.0,0.0,0.0
642,2024.0,1.0,0.0,56535.0,284.0,54070728.0,0.0,0.21701795472287275,0.001092896174863388,0.0,0.0,0.0,0.0,0.0,0.0,0.0
643,2024.0,2.0,68.0,89705.0,530.0,54437820.0,0.00014739786468512795,0.193533396331573,0.001145475372279496,0.0,0.0,0.0,0.0,0.0,0.0,0.0
644,2024.0,3.0,75.0,79389.0,459.0,54743508.0,0.00017219348874708088,0.1801143892294466,0.0010421189752496743,0.0,0.0,0.0,0.0,0.0,0.0,0.0
645,2024.0,4.0,4259.0,76572.0,827.0,54743508.0,0.009460904617751589,0.17006552934836394,0.001837109614206981,0.0,0.0,0.0,0.0,0.0,0.0,0.0
