,Все
0,0.0
1,0.0
2,0.0
3,0.0
4,0.0
5,0.0
6,0.0
7,0.0
8,0.0
9,0.0
10,0.26480722498942616
11,0.5375263925603009
12,0.8065150438849964
13,1.0811307163766193
14,1.3648016257851352
15,1.65268490759068
16,1.9444217489033293
17,2.242455490630063
18,2.5465851563883395
19,2.855905174241962
20,3.1708949210767003
21,3.4920422572916623
22,3.819198512939972
23,4.1523603342213775
24,4.491787987482194
25,4.8376188165557235
26,5.189900175556283
27,5.548759890635343
28,5.914352867499881
29,6.286794727953981
30,6.666201435175563
31,7.0527109409080655
32,7.446460130418103
33,7.847580157721715
34,8.256208187198101
35,8.672486963110078
36,9.09655958411548
37,9.528570964286752
38,9.968669991239604
39,10.417008451178782
40,10.873740365416644
41,11.33902272325493
42,11.813015711535892
43,12.295882417131976
44,12.787788881905652
45,13.288904322256197
46,13.79940115104534
47,14.319454970271108
48,14.849244663136167
49,15.388952478986766
50,15.938764076039194
51,16.4988685788781
52,17.06945865402545
53,17.65073057664969
54,18.242884293022602
55,18.84612349011294
56,19.46065566766124
57,20.08669220858734
58,20.724448450851302
59,21.37414376201258
60,22.036001614812168
61,22.710249663626488
62,23.397119822641805
63,24.096848345671408
64,24.809675907287883
65,25.53584768542653
66,26.275613445622447
67,27.029227626820674
68,27.79694942874705
69,28.579042900920236
70,29.375777033342935
71,30.18742584887834
72,31.014268497345398
73,31.85658935137601
74,32.71467810406349
75,33.58882986843123
76,34.479345278758124
77,35.38653059379663
78,36.31069780191724
79,37.252164728214915
80,38.21125514361464
81,39.188298876013405
82,40.183631923496
83,41.197596569663425
84,42.23054150111319
85,43.28282192711157
86,44.35479970149847
87,45.446843446866396
88,46.55932868105589
89,47.692637946010386
90,48.847160939034396
91,50.023294646499586
92,51.22144348004432
93,52.44201941531287
94,53.68544213328156
95,54.95213916421978
96,56.24254603433483
97,57.55710641515041
98,58.896272275669446
99,60.26050403737299
100,61.65027073210769
101,63.06605016291554
102,64.50832906786032
103,65.97760328690647
104,67.47437793190684
105,68.99916755975694
106,70.55249634877445
107,72.13489827836378
108,73.74691731202624
109,75.38910758377826
110,77.06203358804024
111,78.76627037306073
112,80.5024037379411
113,82.27103043332725
114,84.07275836583668
115,85.90820680628927
116,87.77800660181283
117,89.68280039189455
118,91.62324282845145
119,93.60000079999423
120,95.61375365995984
121,97.66519345929002
122,99.7550251833341
123,101.88396699315584
124,104.05275047132564
125,106.26212087228092
126,108.51283737733876
127,110.80567335444672
128,113.14141662275917
129,115.5208697221279
130,117.9448501875978
131,120.41419082899947
132,122.92974001573292
133,125.4923619668376
134,128.10293704644624
135,130.76236206472134
136,133.4715505843753
137,136.23143323287667
138,139.042958020447
139,141.90709066395473
140,144.8248149168143
141,147.79713290500072
142,150.82506546929184
143,153.90965251385234
144,157.05195336127593
145,160.25304711420407
146,163.51403302364136
147,166.83603086409062
148,170.22018131563215
149,173.66764635307445
150,177.1796096423054
151,180.75727694397574
152,184.40187652464869
153,188.11465957555208
154,191.8969006390716
155,195.74989804312654
156,199.67497434357168
157,203.67347677477147
158,207.74677770849556
159,211.8962751212868
160,216.12339307045642
161,220.4295821788625
162,224.8163201286321
163,229.28511216398897
164,233.83749160335222
165,238.47502036087434
166,243.19928947758953
167,248.01191966234634
168,252.9145618427021
169,257.9088977259591
170,262.99664037052594
171,268.17953476779104
172,273.4593584346974
173,278.8379220172123
174,284.3170699048883
175,289.89868085671515
176,295.58466863846616
177,301.3769826717456
178,307.277608694948
179,313.28856943634224
180,319.41192529949956
181,325.64977506128537
182,332.0042565826413
183,338.4775475323852
184,345.071866124263
185,351.78947186748894
186,358.6326663310143
187,365.60379392177083
188,372.7052426771367
189,379.93944507187905
190,387.3088788398299
191,394.8160678105577
192,402.4635827613006
193,410.2540422844318
194,418.19011367073244
195,426.274513808751
196,434.5100101005345
197,442.89942139401944
198,451.44561893237716
199,460.151527320611
200,469.02012550971
201,478.05444779866633
202,487.2575848546707
203,496.63268475180377
204,506.182954028547
205,515.9116587644423
206,525.8221256762345
207,535.9177432338348
208,546.2019627964527
209,556.6782997692435
210,567.3503347808299
211,578.2217148820579
212,589.296154766354
213,600.5774380120574
214,612.0694183471052
215,623.7760209364551
216,635.701243692637
217,647.8491586098287
218,660.223913121859
219,672.8297314845473
220,685.6709161827935
221,698.7518493628394
222,712.0769942901306
223,725.6508968332108
224,739.478186974089
225,753.5635803455277
226,767.9118797957041
227,782.5279769807038
228,797.4168539853151
229,812.5835849725958
230,828.0333378626922
231,843.7713760413989
232,859.8030600989509
233,876.1338495995501
234,892.7693048821321
235,909.7150888928901
236,926.9769690500744
237,944.5608191415993
238,962.4726212559895
239,980.7184677472122
240,999.3045632339426
241,1018.2372266338199
242,1037.5228932332593
243,1057.1681167933907
244,1077.1795716927027
245,1097.5640551069782
246,1118.3284892271145
247,1139.479923515428
248,1161.0255370010525
249,1182.9726406150435
250,1205.3286795658132
251,1228.1012357555235
252,1251.2980302380745
253,1274.9269257193312
254,1298.9959291002392
255,1323.513194063488
256,1348.4870237043851
257,1373.9258732066119
258,1399.838352563543
259,1426.2332293458096
260,1453.1194315158032
261,1480.5060502898134
262,1508.4023430485092
263,1536.8177362964714
264,1565.7618286714956
265,1595.2443940043895
266,1625.2753844299925
267,1655.864933550154
268,1687.0233596494118
269,1718.7611689641146
270,1751.089059005745
271,1784.0179219391937
272,1817.5588480167507
273,1851.7231290685788
274,1886.522262050437
275,1921.967952649432
276,1958.0721189485744
277,1994.8468951509185
278,2032.304635364075
279,2070.45791744588
280,2109.3195469120133
281,2148.902560906353
282,2189.220232234866
283,2230.2860734638243
284,2272.113841083142
285,2314.717539735631
286,2358.1114265129713
287,2402.3100153191845
288,2447.3280813024085
289,2493.1806653557624
290,2539.883078688091
291,2587.450907465371
292,2635.900017523564
293,2685.2465591536893
294,2735.506971959888
295,2786.697989791245
296,2838.8366457481284
297,2891.940277263787
298,2946.02653126196
299,3001.113369391222
300,3057.219073336787
301,3114.362250210477
302,3172.56183801956
303,3231.837111215131
304,3292.2076863207058
305,3353.693527641687
306,3416.314953056323
307,3480.0926398887814
308,3545.0476308649386
309,3611.2013401514428
310,3678.5755594786165
311,3747.1924643477128
312,3817.0746203230324
313,3888.244989409366
314,3960.7269365152097
315,4034.544236002159
316,4109.721078320861
317,4186.282076733867
318,4264.252274125687
319,4343.657149900312
320,4424.52262696643
321,4506.875078810512
322,4590.741336657903
323,4676.148696722005
324,4763.124927541579
325,4851.698277406155
326,4941.897481869466
327,5033.751771350778
328,5127.290878823909
329,5222.545047593687
330,5319.5450391595
331,5418.322141165557
332,5518.908175437361
333,5621.335506103857
334,5725.637047804614
335,5831.846273981308
336,5939.997225252719
337,6050.124517872318
338,6162.263352267456
339,6276.449521659045
340,6392.719420760541
341,6511.110054554895
342,6631.659047148058
343,6754.404650697477
344,6879.385754413932
345,7006.6418936348855
346,7136.213258967443
347,7268.140705498824
348,7402.465762072147
349,7539.2306406251555
350,7678.478245589363
351,7820.252183346942
352,7964.596771742501
353,8111.557049646734
354,8261.17878656874
355,8413.508492313626
356,8568.593426681813
357,8726.48160920628
358,8887.221828923733
359,9050.863654175553
360,9217.457442434044
361,9387.054350149398
362,9559.70634261245
363,9735.466203828142
364,9914.387546394291
365,10096.524821380055
366,10281.93332819818
367,10470.66922446488
368,10662.789535840884
369,10858.352165846885
370,11057.415905646389
371,11260.040443788559
372,11466.286375903414
373,11676.215214341364
374,11889.889397748757
375,12107.372300570729
376,12328.728242472353
377,12554.022497668646
378,12783.321304153687
379,13016.691872818668
380,13254.202396448314
381,13495.92205858474
382,13741.921042247342
383,13992.270538496954
384,14247.042754832019
385,14506.310923404122
386,14770.149309039754
387,15038.633217054723
388,15311.839000847156
389,15589.844069254557
390,15872.726893659892
391,16160.567014831167
392,16453.445049478476
393,16751.442696511946
394,17054.642742983517
395,17363.12906969493
396,17676.986656453748
397,17996.30158695874
398,18321.161053295313
399,18651.65336002118
400,18987.86792782186
401,19329.895296714993
402,19677.827128781955
403,20031.75621040454
404,20391.776453984003
405,20757.98289911911
406,21130.471713219205
407,21509.340191527772
408,21894.686756531304
409,22286.610956727727
410,22685.21346472798
411,23090.59607466381
412,23502.861698874127
413,23922.11436384185
414,24348.459205352337
415,24782.002462844142
416,25222.851472922095
417,25671.1146620022
418,26126.901538057282
419,26590.322681431742
420,27061.489734693245
421,27540.515391488676
422,28027.513384371137
423,28522.59847156433
424,29025.88642263017
425,29537.49400300503
426,30057.53895736964
427,30586.139991817225
428,31123.416754784117
429,31669.489816706802
430,32224.480648368997
431,32788.51159790213
432,33361.705866402386
433,33944.18748212735
434,34536.08127323503
435,35137.51283902808
436,35748.60851966606
437,36369.4953643084
438,37000.30109765107
439,37641.15408481991
440,38292.183294583934
441,38953.51826085216
442,39625.28904241779
443,40307.62618091421
444,41000.66065694753
445,41704.523844371295
446,42419.347462669284
447,43145.26352741357
448,43882.404298765454
449,44630.90222798817
450,45390.88990194112
451,46162.49998552672
452,46945.86516206223
453,47741.118071550176
454,48548.39124682274
455,49367.817047537035
456,50199.52759199983
457,51043.65468680247
458,51900.32975424845
459,52769.68375755866
460,53651.84712384112
461,54546.94966481505
462,55455.120495281226
463,56376.487949333634
464,57311.17949431017
465,58259.321642483264
466,59221.0398604944
467,60196.45847654002
468,61185.70058531968
469,62188.887950760974
470,63206.14090653973
471,64237.57825441779
472,65283.31716042492
473,66343.47304891564
474,67418.15949453624
475,68507.48811214203
476,69611.568444709
477,70730.50784928992
478,71864.41138106912
479,73013.38167557582
480,74177.5188291209
481,75356.92027752791
482,76551.68067323402
483,77761.8917608429
484,78987.64225121694
485,80229.01769420218
486,81486.10035008544
487,82758.9690598889
488,84047.69911461367
489,85352.36212355025
490,86673.02588177941
491,88009.75423699393
492,89362.60695577737
493,90731.63958948258
494,92116.90333985873
495,93518.44492458194
496,94936.30644285059
497,96370.52524121263
498,97821.13377979795
499,99288.15949913496
500,100771.6246877361
501,102271.5463506426
502,103787.93607912427
503,105320.79992173506
504,106870.13825693064
505,108435.94566745812
506,110018.21081673329
507,111616.91632742457
508,113232.03866246647
509,114863.54800872938
510,116511.40816357516
511,118175.57642453088
512,119856.00348231559
513,121552.63331745644
514,123265.40310073229
515,124994.24309768359
516,126739.07657742778
517,128499.81972601947
518,130276.3815645937
519,132068.6638725297
520,133876.56111587025
521,135699.96038122987
522,137538.74131542124
523,139392.7760710264
524,141261.92925813425
525,143146.0579024609
526,145045.0114100643
527,146958.63153885736
528,148886.75237711726
529,150829.20032918104
530,152785.79410850836
531,154756.34473828418
532,156740.65555972367
533,158738.52224823137
534,160749.7328375557
535,162774.06775206796
536,164811.2998472827
537,166861.1944587233
538,168923.50945922302
539,170997.99532473792
540,173084.395208733
541,175182.44502518806
542,177291.87354025393
543,179412.40247257403
544,181543.74660226944
545,183685.61388856903
546,185837.70559604897
547,187999.716429429
548,190171.33467685478
549,192352.24236157796
550,194542.11540192852
551,196740.623779455
552,198947.43171509096
553,201162.1978531883
554,203384.5754532399
555,205614.21258909698
556,207850.75235546895
557,210093.83308147662
558,212343.0885510131
559,214598.14822965028
560,216858.63749781327
561,219124.17788992933
562,221394.38733924396
563,223668.88042798213
564,225947.26864251957
565,228229.16063321615
566,230514.16247855182
567,232801.8779531944
568,235091.90879961834
569,237383.8550028843
570,239677.31506818117
571,241971.88630072496
572,244267.16508760222
573,246562.74718114088
574,248858.22798338687
575,251153.20283126188
576,253447.26728197534
577,255740.01739826298
578,258031.05003302445
579,260319.9631129332
580,262606.35592059506
581,264889.8293748344
582,267169.9863086919
583,269446.4317447236
584,271718.7731671963
585,273986.6207907841
586,276249.5878253767
587,278507.2907366231
588,280759.3495018406
589,283005.38786093454
590,285245.03356198326
591,287477.91860115714
592,289703.6794566543
593,291921.9573163495
594,294132.39829886786
595,296334.6536678109
596,298528.3800388785
597,300713.2395796467
598,302888.9002017788
599,305055.0357454641
600,307211.3261558965
601,309357.4576516235
602,311493.12288461346
603,313618.02109190746
604,315731.8582387413
605,317834.3471530394
606,319925.20765120315
607,322004.16665513156
608,324070.95830043266
609,326125.32403579954
610,328167.01271354407
611,330195.78067129693
612,332211.391804901
613,334213.6176325396
614,336202.2373501586
615,338177.03787825594
616,340137.8139001267
617,342084.3678916679
618,344016.51014285756
619,345934.0587710403
620,347836.8397261594
621,349724.6867880912
622,351597.4415562459
623,353454.953431611
624,355297.07959142304
625,357123.6849566618
626,358934.64215256996
627,360729.8314624097
628,362509.14077467215
629,364272.4655239652
630,366019.7086258077
631,367750.7804055652
632,369465.59852176456
633,371164.0878840297
634,372846.1805658834
635,374511.8157126606
636,376160.93944478297
637,377793.5047566424
638,379409.4714113437
639,381008.80583155557
640,382591.4809867174
641,384157.4762768499
642,385706.7774132141
643,387239.3762960612
644,388755.2708897142
645,390254.46509521693
646,391736.96862078476
647,393202.7968502854
648,394651.9707099747
649,396084.51653370843
650,397500.46592684387
651,398899.8556290426
652,400282.727376178
653,401649.12776154705
654,402999.10809657833
655,404332.7242712245
656,405650.03661421855
657,406951.1097533689
658,408236.01247606106
659,409504.8175901272
660,410757.6017852381
661,411994.44549496623
662,413215.432759661
663,414420.65109027084
664,415610.1913332408
665,416784.147536607
666,417942.61681740306
667,419085.6992304866
668,420213.4976388882
669,421326.1175857789
670,422423.6671681446
671,423506.25691225176
672,424573.999650981
673,425627.0104030997
674,426665.4062545402
675,427689.3062417419
676,428698.8312371132
677,429694.1038366609
678,430675.2482498321
679,431642.3901916063
680,432595.6567768729
681,433535.1764171214
682,434461.07871947123
683,435373.4943880599
684,436272.5551278057
685,437158.3935505581
686,438031.1430836427
687,438890.93788080645
688,439737.9127355631
689,440572.20299693756
690,441393.94448760274
691,442203.2734244011
692,443000.3263412393
693,443785.24001434154
694,444558.1513898453
695,445319.19751372095
696,446068.51546399295
697,446806.2422852404
698,447532.514925351
699,448247.470174502
700,448951.2446063386
701,449643.9745213206
702,450325.79589220474
703,450996.84431163035
704,451657.25494177407
705,452307.1624660385
706,452946.70104273834
707,453576.004260748
708,454195.2050970719
709,454804.4358763
710,455403.8282319092
711,455993.5130693717
712,456573.62053103035
713,457144.27996270097
714,457705.6198819619
715,458257.76794808987
716,458800.85093360214
717,459334.9946973646
718,459860.32415922463
719,460376.96327613015
720,460885.03501969244
721,461384.6613551551
722,461875.9632217281
723,462359.0605142478
724,462834.0720661247
725,463301.11563353933
726,463760.3078808487
727,464211.7643671654
728,464655.59953407216
729,465091.926694435
730,465520.858022279
731,465942.5045436904
732,466356.976128711
733,466764.38148418925
734,467164.82814755477
735,467558.4224814829
736,467945.26966941665
737,468325.4737119139
738,468699.1374237886
739,469066.3624320154
740,469427.24917436746
741,469781.8968987582
742,470130.4036632583
743,470472.8663367601
744,470809.38060026144
745,471140.0409487432
746,471464.94069361355
747,471784.17196569475
748,472097.82571872644
749,472405.99173336255
750,472708.75862163794
751,473006.21383188217
752,473298.4436540584
753,473585.53322550596
754,473867.5665370658
755,474144.62643956824
756,474416.7946506646
757,474684.1517619822
758,474946.77724658547
759,475204.7494667253
760,475458.1456818585
761,475707.0420569223
762,475951.51367084566
763,476191.6345252843
764,476427.47755356226
765,476659.1146298068
766,476886.61657826195
767,477110.05318276794
768,477329.4931963925
769,477545.0043512024
770,477756.65336816275
771,477964.5059671523
772,478168.62687708397
773,478369.07984611957
774,478565.92765196844
775,478759.23211226024
776,478949.05409498216
777,479135.4535289715
778,479318.48941445525
779,479498.2198336272
780,479674.70196125633
781,479847.99207531684
782,480018.14556763397
783,480185.2169545379
784,480349.2598875192
785,480510.3271638792
786,480668.4707373699
787,480823.7417288167
788,480976.1904367189
789,481125.8663478229
790,481272.81814766256
791,481417.0937310628
792,481558.74021260074
793,481697.8039370215
794,481834.3304896036
795,481968.3647064706
796,482099.95068484504
797,482229.13179324224
798,482355.9506815993
799,482480.44929133763
800,482602.66886535514
801,482722.64995794644
802,482840.43244464794
803,482956.05553200544
804,483069.5577672626
805,483180.9770479681
806,483290.35063149896
807,483397.7151445001
808,483503.10659223585
809,483606.56036785495
810,483708.11126156524
811,483807.7934697184
812,483905.64060380316
813,484001.6856993455
814,484095.961224716
815,484188.49908984284
816,484279.33065482986
817,484368.48673847923
818,484455.9976267183
819,484541.8930809301
820,484626.202346187
821,484708.95415938797
822,484790.176757298
823,484869.89788449113
824,484948.1448011956
825,485024.9442910423
826,485100.3226687156
827,485174.3057875076
828,485246.9190467753
829,485318.1873993013
830,485388.13535855827
831,485456.7870058773
832,485524.16599752096
833,485590.29557166103
834,485655.1985552614
835,485718.89737086726
836,485781.41404329997
837,485842.7702062595
838,485902.98710883386
839,485962.0856219169
840,486020.0862445349
841,486077.00911008223
842,486132.87399246776
843,486187.7003121715
844,486241.50714221323
845,486294.3132140334
846,486346.1369232868
847,486396.99633555074
848,486446.90919194755
849,486495.89291468245
850,486543.96461249824
851,486591.14108604676
852,486637.43883317866
853,486682.87405415205
854,486727.4626567606
855,486771.22026138275
856,486814.1622059521
857,486856.3035508503
858,486897.6590837233
859,486938.2433242217
860,486978.070528666
861,487017.1546946385
862,487055.509565501
863,487093.1486348412
864,487130.0851508474
865,487166.3321206126
866,487201.9023143695
867,487236.8082696563
868,487271.06229541526
869,487304.676476024
870,487337.662675261
871,487370.0325402063
872,487401.7975050772
873,487432.96879500157
874,487463.5574297279
875,487493.5742272742
876,487523.029807516
877,487551.9345957146
878,487580.29882598604
879,487608.1325447121
880,487635.44561389385
881,487662.24771444866
882,487688.54834945156
883,487714.35684732173
884,487739.68236495485
885,487764.5338908021
886,487788.920247897
887,487812.85009683005
888,487836.33193867316
889,487859.37411785324
890,487881.98482497677
891,487904.17209960584
892,487925.9438329861
893,487947.3077707277
894,487968.2715154399
895,487988.84252931975
896,488009.0281366962
897,488028.8355265297
898,488048.2717548683
899,488067.34374726104
900,488086.0583011288
901,488104.42208809423
902,488122.4416562703
903,488140.1234325091
904,488157.47372461064
905,488174.4987234934
906,488191.20450532617
907,488207.5970336222
908,488223.68216129683
909,488239.46563268825
910,488254.9530855426
911,488270.15005296405
912,488285.06196533
913,488299.69415217225
914,488314.05184402503
915,488328.1401742396
916,488341.9641807668
917,488355.5288079078
918,488368.83890803327
919,488381.8992432722
920,488394.71448717004
921,488407.2892263175
922,488419.6279619498
923,488431.7351115174
924,488443.61501022853
925,488455.2719125636
926,488466.7099937628
927,488477.9333512867
928,488488.9460062504
929,488499.7519048318
930,488510.3549196546
931,488520.75885114615
932,488530.9674288707
933,488540.98431283847
934,488550.8130947914
935,488560.45729946473
936,488569.9203858266
937,488579.2057482946
938,488588.31671793025
939,488597.2565636119
940,488606.0284931862
941,488614.63565459865
942,488623.08113700326
943,488631.3679718526
944,488639.4991339672
945,488647.4775425861
946,488655.3060623976
947,488662.9875045517
948,488670.5246276537
949,488677.9201387397
950,488685.17669423413
951,488692.2969008901
952,488699.28331671207
953,488706.1384518618
954,488712.86476954765
955,488719.46468689776
956,488725.9405758167
957,488732.294763827
958,488738.5295348945
959,488744.6471302394
960,488750.64974913147
961,488756.53954967123
962,488762.3186495566
963,488767.98912683537
964,488773.55302064365
965,488779.0123319311
966,488784.3690241725
967,488789.6250240661
968,488794.7822222194
969,488799.8424738221
970,488804.80759930646
971,488809.6793849956
972,488814.4595837401
973,488819.14991554216
974,488823.75206816883
975,488828.26769775373
976,488832.69842938735
977,488837.0458576968
978,488841.3115474146
979,488845.4970339369
980,488849.6038238717
981,488853.6333955764
982,488857.58719968563
983,488861.4666596295
984,488865.27317214175
985,488869.00810775906
986,488872.6728113105
987,488876.2686023982
988,488879.79677586927
989,488883.2586022785
990,488886.6553283427
991,488889.9881773868
992,488893.25834978133
993,488896.46702337184
994,488899.61535390036
995,488902.70447541925
996,488905.7355006968
997,488908.70952161594
998,488911.6276095649
999,488914.4908158213
1000,488917.30017192813
1001,488920.0566900638
1002,488922.7613634045
1003,488925.4151664802
1004,488928.0190555237
1005,488930.5739688136
1006,488933.0808270106
1007,488935.54053348757
1008,488937.95397465327
1009,488940.3220202705
1010,488942.6455237679
1011,488944.92532254616
1012,488947.16223827825
1013,488949.35707720445
1014,488951.5106304216
1015,488953.62367416674
1016,488955.6969700961
1017,488957.73126555816
1018,488959.72729386215
1019,488961.68577454117
1020,488963.6074136107
1021,488965.4929038219
1022,488967.3429249107
1023,488969.15814384155
1024,488970.93921504734
1025,488972.68678066425
1026,488974.4014707626
1027,488976.08390357316
1028,488977.7346857093
1029,488979.3544123849
1030,488980.94366762845
1031,488982.5030244927
1032,488984.03304526093
1033,488985.53428164887
1034,488987.0072750031
1035,488988.4525564957
1036,488989.87064731505
1037,488991.26205885364
1038,488992.62729289156
1039,488993.96684177715
1040,488995.2811886041
1041,488996.570807385
1042,488997.8361632223
1043,488999.0777124751
1044,489000.2959029235
1045,489001.49117392994
1046,489002.6639565969
1047,489003.8146739224
1048,489004.94374095177
1049,489006.0515649275
1050,489007.1385454354
1051,489008.20507454855
1052,489009.2515369686
1053,489010.2783101638
1054,489011.28576450545
1055,489012.2742634007
1056,489013.24416342366
1057,489014.1958144437
1058,489015.1295597515
1059,489016.0457361824
1060,489016.94467423804
1061,489017.826698205
1062,489018.692126272
1063,489019.54127064405
1064,489020.3744376551
1065,489021.1919278784
1066,489021.99403623474
1067,489022.7810520985
1068,489023.55325940216
1069,489024.31093673833
1070,489025.0543574603
1071,489025.78378978034
1072,489026.49949686637
1073,489027.2017369369
1074,489027.89076335396
1075,489028.56682471425
1076,489029.23016493896
1077,489029.8810233615
1078,489030.5196348139
1079,489031.14622971107
1080,489031.76103413425
1081,489032.36426991224
1082,489032.95615470136
1083,489033.53690206405
1084,489034.10672154557
1085,489034.66581874975
1086,489035.214395413
1087,489035.75264947704
1088,489036.28077516024
1089,489036.79896302754
1090,489037.3074000593
1091,489037.8062697186
1092,489038.2957520174
1093,489038.77602358145
1094,489039.2472577138
1095,489039.70962445764
1096,489040.16329065716
1097,489040.60842001805
1098,489041.0451731663
1099,489041.4737077063
1100,489041.89417827746
1101,489042.3067366101
1102,489042.7115315801
1103,489043.10870926257
1104,489043.4984129847
1105,489043.88078337716
1106,489044.255958425
1107,489044.6240735173
1108,489044.98526149604
1109,489045.3396527041
1110,489045.687375032
1111,489046.02855396434
1112,489046.3633126248
1113,489046.6917718207
1114,489047.01405008655
1115,489047.33026372665
1116,489047.6405268572
1117,489047.9449514475
1118,489048.24364735995
1119,489048.5367223903
1120,489048.82428230596
1121,489049.10643088445
1122,489049.3832699508
1123,489049.65489941416
1124,489049.9214173039
1125,489050.18291980505
1126,489050.4395012929
1127,489050.69125436706
1128,489050.93826988485
1129,489051.1806369941
1130,489051.4184431653
1131,489051.6517742232
1132,489051.8807143776
1133,489052.105346254
1134,489052.3257509232
1135,489052.5420079305
1136,489052.75419532467
1137,489052.9623896858
1138,489053.1666661531
1139,489053.36709845206
1140,489053.56375892076
1141,489053.7567185364
1142,489053.9460469404
1143,489054.13181246404
1144,489054.31408215273
1145,489054.49292179034
1146,489054.66839592304
1147,489054.84056788235
1148,489055.00949980813
1149,489055.175252671
1150,489055.3378862944
1151,489055.49745937606
1152,489055.6540295091
1153,489055.8076532031
1154,489055.95838590414
1155,489056.10628201516
1156,489056.25139491534
1157,489056.39377697936
1158,489056.53347959643
1159,489056.6705531888
1160,489056.8050472298
1161,489056.93701026205
1162,489057.0664899145
1163,489057.19353292
1164,489057.3181851319
1165,489057.4404915408
1166,489057.5604962908
1167,489057.6782426951
1168,489057.79377325205
1169,489057.9071296602
1170,489058.01835283346
1171,489058.1274829158
1172,489058.23455929593
1173,489058.3396206212
1174,489058.44270481175
1175,489058.5438490742
1176,489058.6430899151
1177,489058.7404631538
1178,489058.83600393584
1179,489058.92974674527
1180,489059.02172541735
1181,489059.11197315046
1182,489059.2005225184
1183,489059.287405482
1184,489059.3726534006
1185,489059.4562970434
1186,489059.5383666007
1187,489059.6188916945
1188,489059.6979013896
1189,489059.7754242037
1190,489059.8514881179
1191,489059.9261205867
1192,489059.99934854807
1193,489060.071198433
1194,489060.1416961751
1195,489060.2108672199
1196,489060.2787365342
1197,489060.3453286149
1198,489060.4106674979
1199,489060.4747767669
1200,489060.53767956165
1201,489060.59939858655
1202,489060.6599561187
1203,489060.719374016
1204,489060.777673725
1205,489060.83487628866
1206,489060.891002354
1207,489060.94607217936
1208,489061.0001056421
1209,489061.05312224524
1210,489061.105141125
1211,489061.15618105733
1212,489061.20626046497
1213,489061.25539742387
1214,489061.3036096699
1215,489061.35091460514
1216,489061.3973293042
1217,489061.4428705203
1218,489061.48755469144
1219,489061.53139794635
1220,489061.5744161101
1221,489061.6166247101
1222,489061.65803898143
1223,489061.6986738725
1224,489061.7385440505
1225,489061.7776639065
1226,489061.81604756083
1227,489061.853708868
1228,489061.8906614218
1229,489061.9269185604
1230,489061.9624933707
1231,489061.99739869346
1232,489062.03164712776
1233,489062.0652510356
1234,489062.09822254634
1235,489062.13057356107
1236,489062.1623157569
1237,489062.19346059125
1238,489062.22401930584
1239,489062.25400293095
1240,489062.2834222891
1241,489062.3122879994
1242,489062.34061048087
1243,489062.3683999566
1244,489062.3956664573
1245,489062.4224198248
1246,489062.44866971584
1247,489062.4744256053
1248,489062.49969678995
1249,489062.52449239144
1250,489062.5488213598
1251,489062.5726924766
1252,489062.5961143583
1253,489062.619095459
1254,489062.6416440738
1255,489062.6637683418
1256,489062.6854762488
1257,489062.70677563024
1258,489062.7276741743
1259,489062.7481794244
1260,489062.7682987819
1261,489062.78803950903
1262,489062.80740873126
1263,489062.82641344
1264,489062.8450604951
1265,489062.86335662723
1266,489062.8813084405
1267,489062.89892241475
1268,489062.91620490776
1269,489062.9331621577
1270,489062.94980028545
1271,489062.96612529655
1272,489062.9821430836
1273,489062.9978594283
1274,489063.0132800035
1275,489063.0284103754
1276,489063.0432560054
1277,489063.05782225204
1278,489063.07211437315
1279,489063.08613752754
1280,489063.0998967769
1281,489063.1133970877
1282,489063.126643333
1283,489063.1396402941
1284,489063.15239266225
1285,489063.1649050405
1286,489063.17718194536
1287,489063.1892278082
1288,489063.201046977
1289,489063.21264371806
1290,489063.2240222172
1291,489063.2351865816
1292,489063.2461408411
1293,489063.25688894966
1294,489063.26743478695
1295,489063.2777821595
1296,489063.2879348023
1297,489063.29789637995
1298,489063.3076704882
1299,489063.31726065505
1300,489063.3266703421
1301,489063.33590294595
1302,489063.34496179904
1303,489063.3538501713
1304,489063.362571271
1305,489063.37112824613
1306,489063.3795241853
1307,489063.38776211924
1308,489063.39584502135
1309,489063.4037758092
1310,489063.41155734553
1311,489063.4191924391
1312,489063.42668384593
1313,489063.43403427
1314,489063.4412463645
1315,489063.4483227327
1316,489063.4552659289
1317,489063.4620784592
1318,489063.46876278275
1319,489063.47532131226
1320,489063.4817564151
1321,489063.48807041405
1322,489063.4942655882
1323,489063.50034417363
1324,489063.5063083646
1325,489063.5121603139
1326,489063.51790213375
1327,489063.5235358968
1328,489063.52906363655
1329,489063.5344873483
1330,489063.53980898974
1331,489063.54503048176
1332,489063.55015370913
1333,489063.5551805211
1334,489063.5601127322
1335,489063.56495212263
1336,489063.5697004393
1337,489063.57435939607
1338,489063.57893067464
1339,489063.5834159251
1340,489063.5878167664
1341,489063.5921347871
1342,489063.5963715458
1343,489063.60052857175
1344,489063.6046073655
1345,489063.6086093993
1346,489063.6125361177
1347,489063.61638893816
1348,489063.62016925134
1349,489063.6238784217
1350,489063.62751778826
1351,489063.6310886645
1352,489063.6345923395
1353,489063.63803007785
1354,489063.6414031204
1355,489063.6447126848
1356,489063.6479599656
1357,489063.6511461349
1358,489063.65427234274
1359,489063.65733971767
1360,489063.6603493668
1361,489063.66330237646
1362,489063.66619981267
1363,489063.6690427212
1364,489063.67183212825
1365,489063.67456904065
1366,489063.6772544464
1367,489063.6798893147
1368,489063.68247459666
1369,489063.68501122546
1370,489063.68750011676
1371,489063.68994216894
1372,489063.69233826344
1373,489063.69468926516
1374,489063.6969960227
1375,489063.69925936876
1376,489063.70148012025
1377,489063.7036590788
1378,489063.70579703094
1379,489063.7078947483
1380,489063.70995298814
1381,489063.7119724934
1382,489063.713953993
1383,489063.7158982022
1384,489063.7178058228
1385,489063.7196775433
1386,489063.72151403944
1387,489063.723315974
1388,489063.7250839975
1389,489063.726818748
1390,489063.72852085176
1391,489063.73019092315
1392,489063.73182956496
1393,489063.7334373687
1394,489063.73501491477
1395,489063.73656277254
1396,489063.73808150075
1397,489063.73957164754
1398,489063.7410337509
1399,489063.74246833846
1400,489063.7438759281
1401,489063.7452570279
1402,489063.7466121364
1403,489063.74794174277
1404,489063.74924632686
1405,489063.75052635965
1406,489063.7517823031
1407,489063.7530146106
1408,489063.754223727
1409,489063.75541008863
1410,489063.7565741238
1411,489063.7577162527
1412,489063.75883688754
1413,489063.7599364328
1414,489063.76101528545
1415,489063.76207383483
1416,489063.76311246306
1417,489063.76413154503
1418,489063.7651314486
1419,489063.76611253474
1420,489063.7670751575
1421,489063.7680196644
1422,489063.76894639636
1423,489063.7698556879
1424,489063.77074786724
1425,489063.7716232564
1426,489063.7724821713
1427,489063.7733249221
1428,489063.7741518129
1429,489063.7749631422
1430,489063.77575920284
1431,489063.7765402822
1432,489063.7773066622
1433,489063.7780586195
1434,489063.77879642544
1435,489063.77952034643
1436,489063.78023064375
1437,489063.7809275738
1438,489063.7816113881
1439,489063.7822823335
1440,489063.78294065216
1441,489063.78358658176
1442,489063.78422035545
1443,489063.784842202
1444,489063.7854523458
1445,489063.7860510071
1446,489063.78663840203
1447,489063.7872147426
1448,489063.7877802369
1449,489063.788335089
1450,489063.78887949913
1451,489063.78941366385
1452,489063.789937776
1453,489063.7904520247
1454,489063.7909565956
1455,489063.79145167087
1456,489063.79193742917
1457,489063.79241404583
1458,489063.79288169293
1459,489063.7933405392
1460,489063.7937907503
1461,489063.7942324888
1462,489063.7946659141
1463,489063.79509118263
1464,489063.7955084479
1465,489063.7959178606
1466,489063.79631956836
1467,489063.7967137163
1468,489063.79710044665
1469,489063.797479899
1470,489063.79785221035
1471,489063.79821751505
1472,489063.79857594497
1473,489063.7989276295
1474,489063.79927269556
1475,489063.79961126775
1476,489063.79994346824
1477,489063.80026941694
1478,489063.80058923154
1479,489063.80090302747
1480,489063.80121091794
1481,489063.8015130141
1482,489063.8018094251
1483,489063.80210025783
1484,489063.8023856173
1485,489063.8026656065
1486,489063.8029403265
1487,489063.80320987647
1488,489063.8034743537
1489,489063.8037338536
1490,489063.80398847
1491,489063.80423829466
1492,489063.80448341777
1493,489063.80472392787
1494,489063.80495991174
1495,489063.80519145454
1496,489063.80541863985
1497,489063.8056415497
1498,489063.8058602646
1499,489063.80607486336
1500,489063.8062854236
1501,489063.8064920212
1502,489063.80669473077
1503,489063.80689362553
1504,489063.8070887772
1505,489063.80728025624
1506,489063.8074681318
1507,489063.8076524717
1508,489063.80783334246
1509,489063.80801080936
1510,489063.8081849364
1511,489063.80835578655
1512,489063.8085234214
1513,489063.8086879015
1514,489063.8088492862
1515,489063.8090076337
1516,489063.80916300125
1517,489063.8093154449
1518,489063.8094650197
1519,489063.8096117795
1520,489063.8097557775
1521,489063.8098970655
1522,489063.81003569457
1523,489063.81017171475
1524,489063.81030517514
1525,489063.81043612387
1526,489063.81056460825
1527,489063.81069067464
1528,489063.81081436854
1529,489063.8109357346
1530,489063.81105481664
1531,489063.81117165764
1532,489063.8112862998
1533,489063.81139878446
1534,489063.81150915223
1535,489063.811617443
1536,489063.8117236958
1537,489063.81182794896
1538,489063.8119302402
1539,489063.8120306064
1540,489063.81212908373
1541,489063.8122257078
1542,489063.8123205135
1543,489063.81241353496
1544,489063.81250480586
1545,489063.8125943591
1546,489063.812682227
1547,489063.81276844133
1548,489063.81285303313
1549,489063.812936033
1550,489063.8130174709
1551,489063.81309737614
1552,489063.8131757777
1553,489063.8132527037
1554,489063.81332818203
1555,489063.81340223993
1556,489063.8134749041
1557,489063.8135462008
1558,489063.81361615576
1559,489063.8136847942
1560,489063.8137521409
1561,489063.8138182202
1562,489063.81388305593
1563,489063.8139466715
1564,489063.81400908984
1565,489063.81407033355
1566,489063.8141304247
1567,489063.814189385
1568,489063.81424723566
1569,489063.8143039976
1570,489063.81435969134
1571,489063.814414337
1572,489063.8144679542
1573,489063.8145205624
1574,489063.81457218056
1575,489063.8146228273
1576,489063.81467252085
1577,489063.81472127925
1578,489063.8147691201
1579,489063.81481606053
1580,489063.81486211764
1581,489063.81490730797
1582,489063.81495164783
1583,489063.8149951533
1584,489063.81503784
1585,489063.8150797233
1586,489063.81512081844
1587,489063.81516114017
1588,489063.8152007031
1589,489063.8152395215
1590,489063.81527760933
1591,489063.8153149804
1592,489063.81535164814
1593,489063.81538762583
1594,489063.81542292645
1595,489063.81545756274
1596,489063.8154915472
1597,489063.8155248921
1598,489063.8155576095
1599,489063.8155897111
1600,489063.81562120863
1601,489063.8156521134
1602,489063.8156824366
1603,489063.81571218907
1604,489063.81574138167
1605,489063.81577002484
1606,489063.815798129
1607,489063.81582570425
1608,489063.81585276057
1609,489063.8158793077
1610,489063.8159053552
1611,489063.81593091256
1612,489063.81595598895
1613,489063.8159805934
1614,489063.8160047348
1615,489063.81602842186
1616,489063.8160516632
1617,489063.8160744671
1618,489063.8160968419
1619,489063.81611879554
1620,489063.8161403361
1621,489063.81616147124
1622,489063.81618220865
1623,489063.8162025558
1624,489063.81622252
1625,489063.8162421085
1626,489063.8162613284
1627,489063.8162801866
1628,489063.81629868987
1629,489063.8163168449
1630,489063.8163346583
1631,489063.81635213643
1632,489063.81636928563
1633,489063.8163861121
1634,489063.816402622
1635,489063.8164188211
1636,489063.81643471535
1637,489063.8164503105
1638,489063.81646561215
1639,489063.8164806258
1640,489063.81649535696
1641,489063.81650981086
1642,489063.81652399275
1643,489063.81653790775
1644,489063.8165515609
1645,489063.8165649571
1646,489063.8165781012
1647,489063.8165909979
1648,489063.8166036519
1649,489063.8166160678
1650,489063.81662825
1651,489063.81664020295
1652,489063.816651931
1653,489063.8166634383
1654,489063.816674729
1655,489063.81668580725
1656,489063.816696677
1657,489063.8167073422
1658,489063.81671780674
1659,489063.8167280743
1660,489063.8167381486
1661,489063.8167480334
1662,489063.81675773213
1663,489063.8167672483
1664,489063.8167765854
1665,489063.81678574684
1666,489063.81679473585
1667,489063.81680355564
1668,489063.8168122095
1669,489063.8168207005
1670,489063.8168290317
1671,489063.8168372061
1672,489063.8168452266
1673,489063.81685309624
1674,489063.8168608178
1675,489063.816868394
1676,489063.8168758276
1677,489063.8168831213
1678,489063.8168902778
1679,489063.81689729955
1680,489063.8169041892
1681,489063.8169109492
1682,489063.81691758195
1683,489063.8169240899
1684,489063.81693047535
1685,489063.81693674065
1686,489063.816942888
1687,489063.81694891973
1688,489063.81695483794
1689,489063.81696064473
1690,489063.8169663423
1691,489063.8169719326
1692,489063.8169774177
1693,489063.81698279956
1694,489063.81698808016
1695,489063.8169932614
1696,489063.8169983451
1697,489063.8170033331
1698,489063.8170082273
1699,489063.81701302936
1700,489063.81701774104
1701,489063.81702236406
1702,489063.81702690007
1703,489063.81703135074
1704,489063.81703571766
1705,489063.8170400024
1706,489063.81704420643
1707,489063.8170483314
1708,489063.8170523787
1709,489063.8170563499
1710,489063.8170602463
1711,489063.8170640694
1712,489063.8170678205
1713,489063.81707150105
1714,489063.81707511237
1715,489063.8170786557
1716,489063.81708213233
1717,489063.81708554353
1718,489063.81708889053
1719,489063.81709217455
1720,489063.81709539675
1721,489063.81709855836
1722,489063.8171016605
1723,489063.8171047042
1724,489063.8171076907
1725,489063.8171106209
1726,489063.817113496
1727,489063.817116317
1728,489063.8171190849
1729,489063.8171218007
1730,489063.81712446536
1731,489063.8171270799
1732,489063.8171296452
1733,489063.8171321623
1734,489063.817134632
1735,489063.81713705516
1736,489063.81713943277
1737,489063.8171417656
1738,489063.81714405457
1739,489063.81714630045
1740,489063.8171485041
1741,489063.8171506662
1742,489063.81715278764
1743,489063.81715486915
1744,489063.81715691154
1745,489063.81715891545
1746,489063.81716088165
1747,489063.8171628109
1748,489063.8171647038
1749,489063.8171665611
1750,489063.8171683834
1751,489063.8171701714
1752,489063.8171719258
1753,489063.81717364717
1754,489063.8171753361
1755,489063.8171769933
1756,489063.81717861927
1757,489063.8171802147
1758,489063.81718178006
1759,489063.817183316
1760,489063.817184823
1761,489063.81718630163
1762,489063.81718775246
1763,489063.817189176
1764,489063.81719057274
1765,489063.8171919432
1766,489063.81719328783
1767,489063.81719460717
1768,489063.8171959017
1769,489063.81719717185
1770,489063.8171984181
1771,489063.8171996409
1772,489063.8172008407
1773,489063.8172020179
1774,489063.81720317295
1775,489063.81720430625
1776,489063.81720541825
1777,489063.8172065093
1778,489063.81720757985
1779,489063.8172086302
1780,489063.81720966083
1781,489063.8172106721
1782,489063.8172116643
1783,489063.8172126378
1784,489063.817213593
1785,489063.8172145302
1786,489063.81721544976
1787,489063.81721635204
1788,489063.8172172373
1789,489063.81721810595
1790,489063.8172189582
1791,489063.8172197945
1792,489063.817220615
1793,489063.81722142006
1794,489063.81722221
1795,489063.81722298503
1796,489063.8172237455
1797,489063.8172244917
1798,489063.8172252238
1799,489063.81722594216
1800,489063.817226647
